Date,Symbol,Market,Open,High,Low,Close,Volume,Value
2026-07-24,2P,XRS1,1.05,1.05,1.03,1.05,6303,6492.28
2026-07-24,AAB,XRS1,4.0,4.0,3.8,3.8,3868,14827.18
2026-07-24,AAG,REGS,4.1,4.1,4.03,4.1,822,3335.33
2026-07-24,ABG29E,EXRB,100.2,100.2,100.2,100.2,5,2645.6
2026-07-24,ADS,XRSI,876.0,900.4,876.0,900.4,7,6254.0
2026-07-24,AG,XRS1,1.56,1.59,1.55,1.585,16247,25271.785
2026-07-24,AGR28,XRB,100.01,100.01,100.01,100.01,6,618.81
2026-07-24,ALDANI,XRS1,1.42,1.75,1.42,1.75,15,22.95
2026-07-24,ALR,REGS,1.425,1.45,1.41,1.41,36198,51416.565
2026-07-24,ALT,REGS,0.0695,0.074,0.0685,0.0685,30622,2119.2995
2026-07-24,ALU,REGS,2.6,2.64,2.6,2.64,6718,17696.53
2026-07-24,ALW,XRS1,25.5,25.5,25.0,25.0,894,22382.5
2026-07-24,AMAL,XRS1,0.0455,0.0455,0.0455,0.0455,12,0.546
2026-07-24,AQ,REGS,1.785,1.8,1.775,1.795,244620,437037.305
2026-07-24,ARCV,XRS1,0.144,0.149,0.144,0.149,1011,145.639
2026-07-24,ARJI,XRS1,43.8,43.8,43.8,43.8,7,306.6
2026-07-24,ARO,XRS1,2.12,2.12,1.8,1.98,1574,2924.34
2026-07-24,AROBS,REGS,0.746,0.758,0.738,0.744,532189,398789.17
2026-07-24,ARS,REGS,15.85,17.7,15.8,17.7,38209,658701.35
2026-07-24,ARTE,REGS,9.3,9.3,8.0,9.15,1380,12192.3
2026-07-24,ASC,XRS1,12.25,12.6,12.25,12.3,1808,22269.6
2026-07-24,ASC27,XRB,100.05,100.05,100.05,100.05,3,312.31
2026-07-24,ASP,XRS1,0.0205,0.0215,0.018,0.0215,610500,11173.0595
2026-07-24,AST,XRS1,21.3,21.3,21.3,21.3,93,1980.9
2026-07-24,ATB,REGS,2.16,2.18,2.13,2.14,86455,185414.5
2026-07-24,ATRD,XRS1,45.0,45.6,45.0,45.0,183,8272.8
2026-07-24,AVIO,XRS1,2.59,2.59,2.57,2.57,5,12.87
2026-07-24,BAYN,XRSI,239.9,239.9,239.9,239.9,3,719.7
2026-07-24,BBGA,XRS1,1.54,2.44,1.54,2.44,106,168.64
2026-07-24,BCM,REGS,0.139,0.148,0.139,0.148,4596,638.853
2026-07-24,BENTO,XRS1,8.3,8.56,8.3,8.56,6803,57490.48
2026-07-24,BIO,REGS,1.345,1.345,1.325,1.345,31963,42590.0
2026-07-24,BIOW,XRS1,0.078,0.078,0.078,0.078,163,12.714
2026-07-24,BKAURTL29,RGSP,8.76,8.84,8.76,8.84,35,306.99
2026-07-24,BKAURTL31,RGSP,28.87,29.69,28.87,29.69,344,10020.76
2026-07-24,BKAURTL32,RGSP,2.24,2.41,2.24,2.41,5131,11854.27
2026-07-24,BKAURTS34,RGSP,20.1,20.1,20.1,20.1,15,301.5
2026-07-24,BKAURTS36,RGSP,51.93,51.93,51.36,51.36,17,878.82
2026-07-24,BKBETETF,REGS,43.855,43.855,43.575,43.575,63,2747.695
2026-07-24,BKDOWTLG2,RGSP,5.49,5.49,5.48,5.48,2000,10970.0
2026-07-24,BKDOWTLG5,RGSP,3.85,3.85,3.85,3.85,1009,3884.65
2026-07-24,BKDOWTLG6,RGSP,33.32,33.32,32.8,33.16,272,9040.92
2026-07-24,BKDOWTLH2,RGSP,29.92,30.32,29.18,29.83,31688,942580.64
2026-07-24,BKDOWTSG7,RGSP,2.6,2.64,2.59,2.62,31343,82207.6
2026-07-24,BKDOWTSG8,RGSP,15.0,15.65,14.7,15.65,16375,244768.69
2026-07-24,BKDOWTSG9,RGSP,10.91,11.58,10.42,10.76,49374,535103.0
2026-07-24,BKWTITL11,RGSP,5.69,5.69,5.69,5.69,4,22.76
2026-07-24,BKWTITL14,RGSP,23.15,23.22,23.15,23.22,138,3203.66
2026-07-24,BKWTITL25,RGSP,5.06,5.06,4.95,4.95,1328,6588.15
2026-07-24,BKWTITL30,RGSP,20.77,20.77,20.31,20.43,2069,42387.45
2026-07-24,BKWTITL32,RGSP,2.88,2.88,2.74,2.81,3540,9937.5
2026-07-24,BKWTITS42,RGSP,3.86,4.0,3.86,3.95,50675,201128.0
2026-07-24,BKWTITS43,RGSP,14.86,15.55,14.8,15.35,58242,889752.26
2026-07-24,BMW,XRSI,302.9,303.2,300.2,301.2,69,20799.4
2026-07-24,BNET,REGS,0.101,0.103,0.1005,0.1025,198511,19986.487
2026-07-24,BNET27A,ORDB,99.39,99.81,99.39,99.81,53,5325.87
2026-07-24,BNET28,ORDB,96.92,96.92,96.92,96.92,26,2549.74
2026-07-24,BNET28A,ORDB,95.59,95.6,95.59,95.6,102,9776.19
2026-07-24,BRCR,XRS1,0.3,0.3,0.3,0.3,430,129.0
2026-07-24,BRD,REGS,37.2,37.5,36.8,36.9,58822,2192164.5
2026-07-24,BRK,REGS,0.143,0.144,0.135,0.1395,946944,133526.756
2026-07-24,BRK26,ORDB,99.25,99.87,98.1,99.87,1105,110996.41
2026-07-24,BRM,REGS,2.3,2.3,2.3,2.3,1000,2300.0
2026-07-24,BRNA,XRS1,21.2,21.2,21.2,21.2,20,424.0
2026-07-24,BTBETRETF,REGS,12.72,12.734,12.544,12.584,964744,12167576.258
2026-07-24,BUCS,XRS1,0.214,0.25,0.214,0.25,2855,611.006
2026-07-24,BUCU,XRS1,1.74,1.74,1.74,1.74,100,174.0
2026-07-24,BUCV,REGS,1.19,1.19,1.17,1.19,12710,15092.14
2026-07-24,BVB,REGS,82.6,89.8,82.6,88.0,15920,1364351.4
2026-07-24,CAOR,REGS,1.71,1.71,1.71,1.71,4,6.84
2026-07-24,CBC,REGS,25.6,25.6,24.2,25.6,22,539.4
2026-07-24,CBKN,XRSI,193.7,193.7,193.7,193.7,1,193.7
2026-07-24,CC,XRS1,13.75,13.75,13.5,13.6,2479,33584.95
2026-07-24,CCOM,XRS1,0.0885,0.0885,0.0885,0.0885,200,17.7
2026-07-24,CFED,XRS1,1.73,1.73,1.73,1.73,40,69.2
2026-07-24,CFH,REGS,43.5,44.8,41.7,44.0,51119,2205654.45
2026-07-24,CHRD,XRS1,7.95,7.95,6.7,6.7,60,409.5
2026-07-24,CMCM,REGS,0.316,0.316,0.316,0.316,4000,1264.0
2026-07-24,CMF,REGS,4.64,4.64,4.4,4.6,2800,12619.18
2026-07-24,CMP,REGS,0.706,0.718,0.704,0.718,4687,3308.708
2026-07-24,CMVX,XRS1,70.5,72.5,69.0,69.0,529,37612.5
2026-07-24,CODE,XRS1,1.02,1.02,0.99,0.995,4509,4509.35
2026-07-24,COMI,REGS,0.0104,0.0106,0.0104,0.0106,50450,525.263
2026-07-24,COTE,REGS,78.8,79.0,78.0,78.0,1422,111923.8
2026-07-24,CRC,REGS,6.3,6.3,6.0,6.0,2138,13123.1
2026-07-24,DAI,XRSI,233.5,233.5,233.5,233.5,88,20548.0
2026-07-24,DBK,XRSI,155.98,158.66,155.98,158.66,14,2189.08
2026-07-24,DIGI,REGS,64.5,64.5,63.5,63.9,24478,1573660.9
2026-07-24,DN,XRS1,3.58,3.58,3.51,3.55,149788,529851.38
2026-07-24,EAI,REGS,16.16,16.2,16.0,16.12,14501,233245.86
2026-07-24,EBADSTL11,RGSP,44.46,44.46,44.46,44.46,5,222.3
2026-07-24,EBADSTL12,RGSP,40.82,40.98,40.82,40.98,21,859.14
2026-07-24,EBBMWTL13,RGSP,5.12,5.12,4.98,5.05,1059,5313.32
2026-07-24,EBEUSDTS24,RGSP,3.28,3.53,3.28,3.53,2010,6595.3
2026-07-24,EBFPTL28,RGSP,32.4,32.4,23.4,32.12,2579,82984.79
2026-07-24,EBH2OTL3,RGSP,10.11,10.11,10.11,10.11,62,626.82
2026-07-24,EBS,REGS,594.5,605.0,594.5,597.0,161,96401.5
2026-07-24,EBSNGTL12,RGSP,1477.55,1477.55,1477.55,1477.55,15,22163.25
2026-07-24,EBSNPTL16,RGSP,11.0,11.01,11.0,11.01,5750,63267.5
2026-07-24,EBTLVTL18,RGSP,67.5,67.5,67.5,67.5,7,472.5
2026-07-24,EBTLVTL6,RGSP,151.58,152.17,151.58,152.17,18,2734.75
2026-07-24,EBVWTL10,RGSP,14.54,14.54,14.54,14.54,200,2908.0
2026-07-24,EBWTI1,RGSP,23.9,23.92,23.88,23.92,3652,87349.76
2026-07-24,EBWTITL71,RGSP,261.72,261.72,261.72,261.72,100,26172.0
2026-07-24,ECT,REGS,0.065,0.065,0.065,0.065,12,0.78
2026-07-24,EFO,REGS,0.715,0.77,0.715,0.77,95796,69669.025
2026-07-24,EL,REGS,49.45,52.0,49.0,49.7,108723,5499658.1
2026-07-24,ELGS,REGS,0.214,0.214,0.214,0.214,100,21.4
2026-07-24,ELJA,XRS1,73.0,73.0,73.0,73.0,3,219.0
2026-07-24,ELV,XRS1,0.595,0.595,0.595,0.595,50,29.75
2026-07-24,ELZY,XRS1,12.9,12.9,12.9,12.9,50,645.0
2026-07-24,EM,XRS1,42.2,43.3,42.0,43.05,1396,59060.6
2026-07-24,EMAI,XRS1,7.15,7.15,7.15,7.15,10,71.5
2026-07-24,ENP,REGS,0.91,0.91,0.91,0.91,500,455.0
2026-07-24,EVER,REGS,3.38,3.39,3.34,3.37,50273,169808.4
2026-07-24,FAMZ,XRS1,11.2,11.9,11.2,11.9,510,5898.2
2026-07-24,FERO,XRS1,1.09,1.13,0.985,1.09,3499,3706.14
2026-07-24,FIMA,XRS1,30.8,34.8,30.8,34.8,10,312.0
2026-07-24,FOJE,XRS1,30.5,30.6,30.0,30.3,1174,35614.7
2026-07-24,FOSB,XRS1,0.73,0.75,0.695,0.735,1253,895.865
2026-07-24,FP,REGS,0.59,0.597,0.584,0.589,1899938,1117765.206
2026-07-24,GGC,XRS1,0.57,0.57,0.565,0.565,1050,598.25
2026-07-24,GIBEFETF,REGS,21.9,21.9,21.56,21.59,2475,53586.14
2026-07-24,GREEN,REGS,13.9,13.9,13.5,13.9,777,10520.3
2026-07-24,GRF,XRS1,1.48,1.48,1.39,1.41,5142,7273.71
2026-07-24,GRIU,XRS1,1.24,1.24,1.24,1.24,3,3.72
2026-07-24,GSH,XRS1,0.366,0.366,0.34,0.34,57133,20345.328
2026-07-24,H2O,REGS,200.0,200.0,199.0,199.8,15560,3109356.6
2026-07-24,HAI,XRS1,0.362,0.362,0.352,0.362,14658,5295.116
2026-07-24,HUNT,XRS1,0.784,0.788,0.77,0.77,37343,28864.654
2026-07-24,IARV,REGS,35.7,38.9,35.7,38.8,14268,533784.5
2026-07-24,IASX,XRS1,23.8,23.8,23.8,23.8,69,1642.2
2026-07-24,ICBETNETF,REGS,164.0,165.34,163.26,163.26,966,158455.26
2026-07-24,ICCROETF,REGS,214.0,214.5,214.0,214.5,16,3430.5
2026-07-24,ICSLOETF,REGS,348.5,349.5,346.5,349.0,69,24054.5
2026-07-24,IMP,REGS,4.18,4.21,4.18,4.21,10660,44791.3
2026-07-24,IMP26E,EORDB,99.6,99.61,99.6,99.61,9,23607.95
2026-07-24,IMP27E,EORDB,101.25,101.28,101.25,101.28,32,17594.29
2026-07-24,IMPI26E,EXRB,45.0,45.0,44.99,44.99,12,28704.38
2026-07-24,IMPI27E,EXRB,43.0,43.0,43.0,43.0,4,9149.78
2026-07-24,INFINITY,REGS,4.1,4.12,4.09,4.11,112976,464050.96
2026-07-24,IPRU,XRS1,1.745,1.77,1.745,1.765,21245,37154.675
2026-07-24,ITG,XRS1,6.25,6.7,6.25,6.7,2411,15220.35
2026-07-24,JTG,XRS1,4.0,4.09,4.0,4.09,14,56.18
2026-07-24,LHA,XRSI,44.95,45.87,44.95,45.87,839,37771.68
2026-07-24,LIH,XRS1,0.51,0.53,0.505,0.525,14511,7333.28
2026-07-24,LIH28,XRB,90.99,90.99,90.99,90.99,30,2738.04
2026-07-24,LION,REGS,4.68,4.68,4.53,4.64,18155,83468.01
2026-07-24,LONG,REGS,2.42,2.42,2.32,2.35,60961,143406.13
2026-07-24,M,REGS,12.18,12.3,12.04,12.06,78116,947696.88
2026-07-24,MACO,XRS1,24.2,25.0,23.9,25.0,5609,138328.5
2026-07-24,MAM,XRS1,1.21,1.21,1.2,1.2,573,690.9
2026-07-24,MILK,XRS1,5.9,6.2,5.9,6.2,1429,8475.3
2026-07-24,MOBE,XRS1,3.28,3.28,3.28,3.28,9,29.52
2026-07-24,NORD,XRS1,6.8,6.8,6.8,6.8,2,13.6
2026-07-24,NRF,XRS1,2.7,2.7,2.6,2.65,20727,54807.22
2026-07-24,NRF29,XRB,98.0,98.0,98.0,98.0,34,3368.83
2026-07-24,OIL,REGS,0.1175,0.119,0.1165,0.1185,787913,93132.937
2026-07-24,ONE,REGS,34.3,34.75,34.2,34.55,12375,426810.8
2026-07-24,ORV27,ORDB,96.84,96.84,96.84,96.84,1,10.38
2026-07-24,PBK,REGS,0.146,0.1485,0.144,0.146,1285529,186575.465
2026-07-24,PBK27E,EORDB,99.5,99.5,99.5,99.5,2,5331.57
2026-07-24,PE,REGS,61.4,61.4,59.4,60.8,42635,2571580.4
2026-07-24,PPL,REGS,7.45,7.45,7.45,7.45,45,335.25
2026-07-24,PPLI,XRS1,2.4,2.4,2.18,2.18,666,1452.98
2026-07-24,PREB,REGS,1.91,1.95,1.91,1.95,902,1722.9
2026-07-24,PREH,REGS,2.3,2.3,2.3,2.3,74,170.2
2026-07-24,PRSN,XRS1,0.119,0.119,0.118,0.119,34110,4045.04
2026-07-24,PTENGETF,REGS,17.25,17.39,16.6,16.954,136276,2307529.396
2026-07-24,PTR,REGS,0.668,0.684,0.668,0.68,28205,19092.59
2026-07-24,PVBS,XRS1,0.45,0.535,0.45,0.45,8,3.685
2026-07-24,R2610A,REGT,100.0798,100.0798,100.0,100.0,1600,169186.27
2026-07-24,R2612A,REGT,100.1849,100.1849,100.03,100.03,334,34912.2
2026-07-24,R2612BE,EREGT,100.2,100.2,100.0,100.0,15,8030.68
2026-07-24,R2702AE,EREGT,99.96,99.99,99.8103,99.99,106,56442.96
2026-07-24,R2703A,REGT,99.951,99.951,99.951,99.951,34,3488.74
2026-07-24,R2703AE,EREGT,99.5351,99.5351,99.5205,99.5205,51,26934.33
2026-07-24,R2704A,REGT,99.951,100.03,99.9,99.9,574,58415.66
2026-07-24,R2705AE,EREGT,99.8999,99.9,99.8999,99.9,6,3160.86
2026-07-24,R2706A,REGT,100.2,100.299,100.191,100.191,771,77872.83
2026-07-24,R2706AE,EREGT,99.64,99.64,99.5,99.5,210,109985.7
2026-07-24,R2706B,REGT,101.0101,101.0101,101.0,101.01,2489,253619.1
2026-07-24,R2707A,REGT,99.75,99.75,99.7,99.75,1192,119459.74
2026-07-24,R2707B,REGT,101.0999,101.1,100.78,101.1,485,49065.23
2026-07-24,R2707BE,EREGT,100.9999,100.9999,100.9999,100.9999,16,8472.48
2026-07-24,R2707C,REGT,99.8001,100.1999,99.8,100.1999,55,5504.2
2026-07-24,R2708A,REGT,100.01,100.15,100.01,100.15,219,23413.77
2026-07-24,R2708AE,EREGT,99.0,99.0,99.0,99.0,1,533.82
2026-07-24,R2708B,REGT,100.75,101.02,100.75,101.0,513,55817.54
2026-07-24,R2709AE,EREGT,98.1111,98.1111,98.1111,98.1111,31,16356.84
2026-07-24,R2709B,REGT,101.0,101.0999,100.7,101.0999,52,5617.5
2026-07-24,R2709BE,EREGT,99.59,99.59,99.59,99.59,105,56689.5
2026-07-24,R2710A,REGT,99.9899,100.0,99.6001,100.0,2259,238319.79
2026-07-24,R2710B,REGT,100.55,101.0,100.55,101.0,1002,107432.22
2026-07-24,R2711A,REGT,99.75,99.75,99.75,99.75,199,20801.47
2026-07-24,R2712A,REGT,98.9999,99.0,98.9999,99.0,149,15347.0
2026-07-24,R2712B,REGT,100.425,100.425,100.425,100.425,128,13455.36
2026-07-24,R2712D,REGT,99.9,100.0,99.85,100.0,782,81763.97
2026-07-24,R2801A,REGT,98.5,98.85,98.1,98.55,2104,213363.64
2026-07-24,R2801B,REGT,99.7501,99.8,99.7501,99.8,650,67245.75
2026-07-24,R2802A,REGT,100.1,100.44,99.9262,100.001,867,89825.92
2026-07-24,R2802B,REGT,99.22,99.9989,99.22,99.9989,2526,259971.44
2026-07-24,R2802C,REGT,98.3996,98.3996,98.3996,98.3996,25,2527.5
2026-07-24,R2803A,REGT,100.0,100.0,99.95,99.95,1500,154027.56
2026-07-24,R2803B,REGT,98.6712,99.5,98.6712,99.5,3312,336885.3
2026-07-24,R2803C,REGT,97.41,97.5001,97.41,97.5,2128,211914.72
2026-07-24,R2804AE,EREGT,101.19,101.4,101.1101,101.4,786,423451.48
2026-07-24,R2804B,REGT,100.2499,100.3,100.0,100.0,1225,125224.85
2026-07-24,R2804C,REGT,98.65,98.6549,98.2001,98.3,1723,172821.11
2026-07-24,R2805A,REGT,100.0,100.0,100.0,100.0,214,21695.32
2026-07-24,R2805C,REGT,97.5615,98.0,97.5615,98.0,86,8509.62
2026-07-24,R2806B,REGT,99.9999,100.0,99.9999,100.0,91,9160.06
2026-07-24,R2807A,REGT,100.07,100.07,100.07,100.07,50,5014.5
2026-07-24,R2807B,REGT,100.0,100.3,100.0,100.3,107,10731.42
2026-07-24,R2808AE,EREGT,100.564,100.8999,100.564,100.8999,90,47431.5
2026-07-24,R2810AE,EREGT,100.261,100.555,100.261,100.555,190,104137.83
2026-07-24,R2810CE,EREGT,98.54,98.54,98.5,98.5,68,36199.55
2026-07-24,R2812AE,EREGT,100.6,100.8899,100.55,100.65,398,216707.7
2026-07-24,R2903AE,EREGT,99.545,99.75,99.545,99.75,6,3192.27
2026-07-24,R2904AE,EREGT,99.72,99.85,99.7199,99.85,372,196940.56
2026-07-24,R2904CE,EREGT,99.28,99.5,99.28,99.5,272,143186.3
2026-07-24,R2906A,REGT,100.9581,100.9581,100.9581,100.9581,34,3460.52
2026-07-24,R2907A,REGT,100.05,100.2,100.025,100.025,1027,103096.15
2026-07-24,R2907AE,EREGT,99.4,99.8,99.3,99.8,8948,4670060.78
2026-07-24,R2908A,REGT,98.199,99.0,98.199,99.0,6495,681702.89
2026-07-24,R2908AE,EREGT,99.7999,99.8,99.7999,99.8,232,126859.92
2026-07-24,R2910A,REGT,97.97,99.0,97.965,98.8,9143,950900.68
2026-07-24,R2910AE,EREGT,99.5,99.8,99.5,99.8,4193,2271697.44
2026-07-24,R2910C,REGT,99.15,100.0,99.15,100.0,1055,111381.55
2026-07-24,R2911A,REGT,98.5,99.8998,98.5,99.8998,221,23080.43
2026-07-24,R2912A,REGT,99.7,100.07,99.6,100.0,8517,889022.04
2026-07-24,R2912C,REGT,98.0,98.6,97.9,98.6,1054,108301.66
2026-07-24,R3001A,REGT,98.2499,98.5,98.2499,98.5,616,62815.32
2026-07-24,R3002A,REGT,100.22,100.29,100.22,100.252,3800,394184.04
2026-07-24,R3002C,REGT,97.4999,97.5,97.4999,97.5,279,28028.34
2026-07-24,R3003A,REGT,99.7,100.18,99.7,100.18,4612,474036.92
2026-07-24,R3003C,REGT,97.1799,97.1799,97.1799,97.1799,7,696.99
2026-07-24,R3004A,REGT,99.6887,99.899,99.6887,99.8,1902,193774.76
2026-07-24,R3004C,REGT,97.9999,98.5,97.9999,98.5,268,26861.05
2026-07-24,R3005A,REGT,100.8696,100.8696,100.8696,100.8696,74,7571.68
2026-07-24,R3006A,REGT,98.5,98.5,98.5,98.5,5500,545160.0
2026-07-24,R3006AE,EREGT,100.9977,100.9977,100.9977,100.9977,193,102664.42
2026-07-24,R3008AE,EREGT,99.9999,99.9999,99.9999,99.9999,16,8797.44
2026-07-24,R3009AE,EREGT,99.8799,99.88,99.8799,99.88,114,62312.4
2026-07-24,R3012AE,EREGT,97.0101,97.4899,96.6,97.4899,60,31285.71
2026-07-24,R3101AE,EREGT,97.2,97.3993,97.0,97.0,105,54797.79
2026-07-24,R3102AE,EREGT,97.37,97.37,97.37,97.37,8,4160.8
2026-07-24,R3103AE,EREGT,97.4999,97.4999,97.4999,97.4999,35,18165.35
2026-07-24,R3106A,REGT,100.8599,100.86,100.8599,100.86,358,36412.18
2026-07-24,R3106AE,EREGT,100.0,100.0,100.0,100.0,1,525.86
2026-07-24,R3107A,REGT,100.9793,101.0,100.891,101.0,118,11944.4
2026-07-24,R3108A,REGT,100.5413,100.5413,100.45,100.53,254,27443.72
2026-07-24,R3109A,REGT,100.1,100.1,100.1,100.1,300,32070.0
2026-07-24,R3110A,REGT,100.0101,100.3,99.81,100.0004,363,38551.97
2026-07-24,R3111A,REGT,99.5299,99.75,99.0001,99.75,9802,1029456.73
2026-07-24,R3112A,REGT,98.4001,99.4997,98.4001,99.4997,8100,840577.28
2026-07-24,R3112AE,EREGT,99.0,99.65,99.0,99.3,1850,996066.72
2026-07-24,R3201A,REGT,98.6499,98.65,98.6499,98.65,170,17402.9
2026-07-24,R3202A,REGT,96.9113,97.77,96.9113,97.77,663,66895.45
2026-07-24,R3202AE,EREGT,100.63,100.66,100.31,100.31,134,72416.21
2026-07-24,R3203A,REGT,96.7,96.9995,96.0,96.9897,1256,124114.91
2026-07-24,R3203AE,EREGT,99.6499,99.6499,99.55,99.6499,92,49004.78
2026-07-24,R3204A,REGT,98.71,99.38,98.71,99.38,1437,145364.58
2026-07-24,R3204AE,EREGT,99.75,99.75,99.75,99.75,100,53110.0
2026-07-24,R3205A,REGT,98.5005,100.01,98.5005,100.0,583,59015.45
2026-07-24,R3205AE,EREGT,100.5,100.7362,100.43,100.43,475,252707.48
2026-07-24,R3206AE,EREGT,101.89,102.0,101.7,101.7,437,234652.26
2026-07-24,R3207AE,EREGT,100.799,100.85,100.799,100.83,80,42313.7
2026-07-24,R3508AE,EREGT,101.6,101.9899,101.6,101.9899,211,119493.51
2026-07-24,R3509AE,EREGT,101.8899,101.8899,101.5,101.5,43,24183.48
2026-07-24,R3510AE,EREGT,101.9996,101.9999,101.6221,101.6221,91,50914.8
2026-07-24,R3511AE,EREGT,100.2889,100.3945,100.2887,100.3945,183,100319.91
2026-07-24,R3512AE,EREGT,99.75,99.75,99.75,99.75,15,8131.35
2026-07-24,R3601AE,EREGT,99.8999,99.8999,99.7,99.7,318,171204.09
2026-07-24,R3602AE,EREGT,98.2001,98.2001,98.0,98.1,545,287461.7
2026-07-24,R3603AE,EREGT,98.2,98.2,98.1,98.1,516,270931.13
2026-07-24,R3604AE,EREGT,100.9,101.1,100.67,101.0993,272,146212.34
2026-07-24,R3605AE,EREGT,99.811,99.811,99.811,99.811,20,10574.8
2026-07-24,R3606A,REGT,99.9999,100.0,99.9999,100.0,704,70885.76
2026-07-24,R3606BE,EREGT,104.4,104.68,104.4,104.6,244,134430.75
2026-07-24,R3607A,REGT,99.5,99.5,99.5,99.5,484,48288.68
2026-07-24,R3607AE,EREGT,100.0999,100.0999,100.0999,100.0999,52,27312.48
2026-07-24,RBAQTL2,RGSP,1.3,1.3,1.3,1.3,50,65.0
2026-07-24,RBAQTL3,RGSP,1.12,1.12,1.12,1.12,111,124.32
2026-07-24,RBAQTL5,RGSP,0.84,0.84,0.82,0.84,326,272.08
2026-07-24,RBAROBTL3,RGSP,0.22,0.22,0.22,0.22,30000,6600.0
2026-07-24,RBBRDTL5,RGSP,28.5,28.5,28.5,28.5,80,2280.0
2026-07-24,RBBRETL2,RGSP,31.29,31.29,31.29,31.29,70,2190.3
2026-07-24,RBEVERTL6,RGSP,12.11,12.11,12.11,12.11,2000,24220.0
2026-07-24,RBMTL5,RGSP,2.71,2.71,2.67,2.67,11975,32330.96
2026-07-24,RBONETL12,RGSP,9.95,9.95,9.9,9.9,5000,49625.0
2026-07-24,RBROTXTL4,RGSP,48.15,48.15,48.15,48.15,5,240.75
2026-07-24,RBSAPTL1,RGSP,10.8,12.61,10.8,12.61,2255,25912.85
2026-07-24,RBSLVTL6,RGSP,15.3,15.3,15.3,15.3,40,612.0
2026-07-24,RBSNGTL11,RGSP,9.59,9.59,9.11,9.11,62,567.91
2026-07-24,RBSNGTL9,RGSP,12.63,12.63,12.63,12.63,1500,18945.0
2026-07-24,RBSNPTL10,RGSP,0.78,0.78,0.76,0.76,50050,38039.0
2026-07-24,RBSNPTL12,RGSP,0.43,0.43,0.39,0.39,90934,36484.59
2026-07-24,RBTLVTL11,RGSP,30.07,30.07,30.07,30.07,18,541.26
2026-07-24,RBTLVTL12,RGSP,18.26,18.26,18.26,18.26,1500,27390.0
2026-07-24,RBTLVTL13,RGSP,15.71,15.71,15.44,15.44,1490,23270.1
2026-07-24,RBTTSTL7,RGSP,3.54,3.64,3.54,3.64,15943,57532.52
2026-07-24,RBTTSTL9,RGSP,2.1,2.1,2.1,2.1,150,315.0
2026-07-24,RCHI,XRS1,0.228,0.242,0.228,0.242,1125,256.85
2026-07-24,RCSNPTL3,RGSP,1.61,1.61,1.61,1.61,300,483.0
2026-07-24,REIT,XRS1,0.28,0.28,0.27,0.272,112192,30943.208
2026-07-24,RES33E,EORDB,94.68,94.68,94.68,94.68,1,501.1
2026-07-24,RMAH,REGS,0.874,0.884,0.866,0.884,62251,54296.47
2026-07-24,ROC1,REGS,0.64,0.64,0.602,0.602,554,334.012
2026-07-24,ROCE,REGS,0.215,0.216,0.213,0.216,83707,17882.957
2026-07-24,RPH,REGS,0.224,0.228,0.22,0.228,50177,11190.47
2026-07-24,RRC,REGS,0.087,0.088,0.0845,0.0875,325341,28285.1185
2026-07-24,RRD,XRS1,1.37,1.49,1.35,1.49,1141,1563.95
2026-07-24,SAFE,REGS,0.966,0.972,0.922,0.97,256528,245266.236
2026-07-24,SAP,XRSI,711.0,719.3,700.1,719.3,160,114621.5
2026-07-24,SATU,XRS1,4.1,4.1,4.1,4.1,168,688.8
2026-07-24,SEOM,XRS1,1.17,1.17,1.17,1.17,300,351.0
2026-07-24,SFG,REGS,39.9,39.9,39.2,39.5,3738,147027.7
2026-07-24,SIDG,XRS1,0.22,0.232,0.22,0.23,32019,7311.732
2026-07-24,SMTL,REGS,40.0,40.0,38.9,39.7,6263,245981.1
2026-07-24,SNC,XRS1,3.1,3.1,3.02,3.02,19,58.1
2026-07-24,SNG,REGS,18.78,19.02,18.36,18.58,956500,17784412.46
2026-07-24,SNN,REGS,69.9,70.3,69.8,70.0,26186,1831306.0
2026-07-24,SNO,REGS,32.2,32.2,30.8,32.2,877,27604.0
2026-07-24,SNP,REGS,1.287,1.29,1.246,1.251,16763960,21106914.293
2026-07-24,SOCP,REGS,1.72,1.74,1.72,1.74,16400,28365.59
2026-07-24,SPX,XRS1,0.252,0.256,0.252,0.256,6580,1664.48
2026-07-24,STNM,XRS1,14.7,14.7,14.7,14.7,100,1470.0
2026-07-24,TBK,REGS,16.95,16.95,16.65,16.95,87,1460.65
2026-07-24,TBM,REGS,0.277,0.277,0.269,0.274,28381,7775.477
2026-07-24,TEI26,XRB,99.99,99.99,99.99,99.99,13,1316.03
2026-07-24,TEI26E,EXRB,99.9,100.0,99.9,100.0,78,41159.56
2026-07-24,TEI29,XRB,98.0,98.0,98.0,98.0,500,50158.22
2026-07-24,TEL,REGS,113.6,114.0,112.2,113.8,4862,552412.4
2026-07-24,TGN,REGS,98.8,99.4,97.6,97.6,20467,2023102.3
2026-07-24,TLV,REGS,37.66,37.66,37.02,37.1,414278,15454431.62
2026-07-24,TRANSI,REGS,0.674,0.674,0.662,0.674,42922,28643.336
2026-07-24,TRIP,REGS,1.66,1.685,1.65,1.68,149216,248375.685
2026-07-24,TRP,REGS,0.449,0.455,0.442,0.442,1065170,476735.0665
2026-07-24,TTS,REGS,6.46,6.56,6.46,6.54,60993,398597.88
2026-07-24,TUAA,XRS1,0.118,0.118,0.118,0.118,12,1.416
2026-07-24,TVBETETF,REGS,62.32,62.74,61.7,61.82,98669,6133228.98
2026-07-24,UAM,REGS,0.438,0.464,0.41,0.464,4018,1695.248
2026-07-24,UARG,XRS1,1.66,1.66,1.64,1.64,2800,4608.0
2026-07-24,UNISEM,XRS1,0.685,0.685,0.655,0.68,11707,7936.065
2026-07-24,UZC,XRS1,5.6,5.6,5.6,5.6,1,5.6
2026-07-24,UZIN,XRS1,0.905,0.905,0.755,0.755,7105,5396.75
2026-07-24,VISTA36E,EORDB,100.0,100.0,100.0,100.0,2,1053412.04
2026-07-24,VNC,REGS,0.097,0.097,0.094,0.094,108390,10210.9545
2026-07-24,WINE,REGS,20.0,20.0,19.7,19.8,2321,46086.5
2026-07-24,XFOA,XRS1,1.78,1.78,1.78,1.78,96,170.88
2026-07-27,2P,XRS1,1.05,1.05,1.03,1.03,1038,1069.56
2026-07-27,AAG,REGS,4.05,4.1,4.05,4.1,951,3866.3
2026-07-27,ABG29E,EXRB,100.2,100.9,100.2,100.9,396,209574.17
2026-07-27,ABN,XRS1,0.274,0.274,0.274,0.274,32,8.768
2026-07-27,ADS,XRSI,918.0,927.2,918.0,927.2,15,13827.0
2026-07-27,AG,XRS1,1.585,1.59,1.54,1.58,7806,12146.33
2026-07-27,AGR28,XRB,100.99,100.99,100.99,100.99,6,624.85
2026-07-27,ALB,XRS1,3.82,3.82,2.08,2.12,992,2700.4
2026-07-27,ALDANI,XRS1,1.75,1.84,1.75,1.84,830,1452.95
2026-07-27,ALR,REGS,1.41,1.43,1.41,1.415,27475,38918.93
2026-07-27,ALT,REGS,0.0735,0.0735,0.07,0.07,2573,189.112
2026-07-27,ALU,REGS,2.62,2.68,2.62,2.68,15474,41322.56
2026-07-27,ALW,XRS1,25.3,25.3,25.0,25.3,2835,70880.1
2026-07-27,AMAL,XRS1,0.0455,0.0455,0.0455,0.0455,12,0.546
2026-07-27,APP,XRS1,1.32,1.37,1.32,1.37,580,775.6
2026-07-27,AQ,REGS,1.795,1.81,1.785,1.805,147081,264167.93
2026-07-27,ARCU,XRS1,3.84,3.84,3.84,3.84,23,88.32
2026-07-27,ARCV,XRS1,0.149,0.159,0.148,0.159,6705,999.293
2026-07-27,ARJI,XRS1,30.8,42.0,30.8,42.0,5,165.2
2026-07-27,ARM,REGS,0.296,0.296,0.286,0.29,1676,485.028
2026-07-27,ARO,XRS1,1.96,1.96,1.8,1.9,3674,6780.47
2026-07-27,AROBS,REGS,0.738,0.74,0.7,0.712,915563,654284.228
2026-07-27,ARS,REGS,17.8,20.3,17.0,18.8,32209,608609.05
2026-07-27,ASC,XRS1,12.35,12.65,12.25,12.65,5218,64320.6
2026-07-27,ASC27,XRB,100.36,100.48,100.36,100.48,25,2612.01
2026-07-27,ASP,XRS1,0.0195,0.0215,0.0195,0.0215,21025,435.0375
2026-07-27,AST,XRS1,21.0,21.3,20.7,21.3,627,13135.6
2026-07-27,ATB,REGS,2.13,2.165,2.13,2.155,63584,136801.26
2026-07-27,ATPR28,XRB,23.0,23.0,22.9,23.0,120,2933.46
2026-07-27,ATRD,XRS1,45.4,45.4,45.4,45.4,30,1362.0
2026-07-27,AVIO,XRS1,2.56,2.56,2.54,2.54,52,132.12
2026-07-27,BAYN,XRSI,241.0,246.4,240.7,245.0,16,3900.8
2026-07-27,BENTO,XRS1,8.58,8.58,8.42,8.58,3455,29613.72
2026-07-27,BIO,REGS,1.345,1.35,1.325,1.33,56380,75141.53
2026-07-27,BIOW,XRS1,0.071,0.0715,0.07,0.07,51622,3624.5225
2026-07-27,BKAURTL31,RGSP,30.7,30.7,30.3,30.3,386,11699.8
2026-07-27,BKAURTL32,RGSP,2.64,2.68,2.37,2.4,4155,10768.93
2026-07-27,BKAURTS34,RGSP,19.76,19.76,19.76,19.76,500,9880.0
2026-07-27,BKBETETF,REGS,43.465,43.635,43.375,43.635,300,13043.995
2026-07-27,BKDOWTLD6,RGSP,11.57,11.57,11.57,11.57,10,115.7
2026-07-27,BKDOWTLG2,RGSP,5.78,5.8,5.78,5.8,1199,6950.22
2026-07-27,BKDOWTLG5,RGSP,4.02,4.04,4.0,4.0,5713,23002.0
2026-07-27,BKDOWTLG6,RGSP,35.49,36.18,34.44,34.47,8769,308814.1
2026-07-27,BKDOWTLH2,RGSP,32.1,33.0,31.03,31.53,70247,2226303.48
2026-07-27,BKDOWTSG7,RGSP,2.38,2.5,2.3,2.49,37165,91171.85
2026-07-27,BKDOWTSG8,RGSP,14.0,14.11,12.1,14.11,4850,63183.2
2026-07-27,BKDOWTSG9,RGSP,8.83,9.7,7.7,9.69,338586,2834277.33
2026-07-27,BKWTITL11,RGSP,5.25,5.25,5.25,5.25,2,10.5
2026-07-27,BKWTITL14,RGSP,20.27,20.27,20.0,20.0,9,180.27
2026-07-27,BKWTITL25,RGSP,4.42,4.47,4.3,4.41,53594,236652.27
2026-07-27,BKWTITL30,RGSP,18.0,18.09,17.75,18.09,915,16245.45
2026-07-27,BKWTITL32,RGSP,2.29,2.31,2.2,2.2,660,1516.0
2026-07-27,BKWTITS42,RGSP,4.44,4.54,4.39,4.44,27351,122168.38
2026-07-27,BKWTITS43,RGSP,17.81,18.3,17.39,17.88,118679,2127982.77
2026-07-27,BMW,XRSI,305.4,305.4,305.4,305.4,11,3359.4
2026-07-27,BNET,REGS,0.1,0.103,0.1,0.1005,134097,13514.4
2026-07-27,BNET27A,ORDB,98.11,99.85,98.11,99.85,96,9644.4
2026-07-27,BNET28A,ORDB,95.5,96.75,95.5,96.75,153,14657.34
2026-07-27,BONA,XRS1,0.56,0.565,0.53,0.56,2524,1418.02
2026-07-27,BRD,REGS,36.9,37.2,36.55,36.9,74937,2761769.65
2026-07-27,BRK,REGS,0.137,0.14,0.131,0.135,1367365,183611.857
2026-07-27,BRM,REGS,2.1,2.28,2.1,2.2,95,206.66
2026-07-27,BTBETRETF,REGS,12.55,12.664,12.508,12.62,364961,4593659.75
2026-07-27,BUCU,XRS1,1.69,1.72,1.69,1.72,15,25.38
2026-07-27,BUCV,REGS,1.18,1.18,1.18,1.18,5000,5900.0
2026-07-27,BVB,REGS,88.2,98.0,88.2,96.8,25779,2428698.6
2026-07-27,CBC,REGS,25.4,25.4,25.4,25.4,31,787.4
2026-07-27,CBOT,XRS1,28.0,28.0,28.0,28.0,4,112.0
2026-07-27,CC,XRS1,13.5,13.7,13.5,13.7,6801,92437.9
2026-07-27,CCOM,XRS1,0.0885,0.0895,0.0885,0.0895,3174,281.454
2026-07-27,CEPO,XRS1,5.0,6.0,4.2,6.0,6627,34725.2
2026-07-27,CFH,REGS,43.4,43.8,41.55,43.0,32466,1394650.1
2026-07-27,CMF,REGS,4.64,4.7,4.64,4.7,167,777.5
2026-07-27,CMP,REGS,0.718,0.724,0.718,0.72,49000,35304.88
2026-07-27,CMVX,XRS1,70.5,75.0,70.0,75.0,630,44963.5
2026-07-27,CODE,XRS1,1.04,1.04,0.95,1.03,30072,29614.225
2026-07-27,COKJ,XRS1,62.0,62.0,62.0,62.0,35,2170.0
2026-07-27,COMI,REGS,0.0102,0.0106,0.0102,0.0106,15314,158.3284
2026-07-27,COTE,REGS,78.0,79.0,78.0,78.2,1234,96615.8
2026-07-27,CRC,REGS,6.22,6.22,5.74,6.14,421,2457.86
2026-07-27,CRPC,XRS1,0.85,0.85,0.85,0.85,1,0.85
2026-07-27,DAI,XRSI,238.85,238.85,235.0,238.0,43,10226.35
2026-07-27,DBK,XRSI,163.38,163.38,162.2,162.2,105,17036.9
2026-07-27,DIGI,REGS,64.3,66.4,63.0,66.2,37347,2440045.2
2026-07-27,DN,XRS1,3.55,3.6,3.51,3.6,143121,510948.83
2026-07-27,DTE,XRSI,141.25,141.25,141.25,141.25,20,2825.0
2026-07-27,EAI,REGS,16.0,16.0,15.76,15.8,49742,787940.48
2026-07-27,EBADSTL12,RGSP,43.14,43.26,43.14,43.26,132,5708.88
2026-07-27,EBBMWTL12,RGSP,16.81,16.81,16.81,16.81,1000,16810.0
2026-07-27,EBBMWTL13,RGSP,5.4,5.4,5.4,5.4,115,621.0
2026-07-27,EBDAXTL74,RGSP,810.0,810.0,810.0,810.0,7,5670.0
2026-07-27,EBDAXTL87,RGSP,483.4,483.7,483.4,483.5,32,15475.8
2026-07-27,EBEUSDTL26,RGSP,4.48,4.48,4.45,4.45,700,3121.0
2026-07-27,EBFPTL28,RGSP,34.0,34.0,33.61,33.61,19,640.54
2026-07-27,EBH2OTL1,RGSP,12.57,12.57,12.57,12.57,317,3984.69
2026-07-27,EBH2OTL2,RGSP,11.39,11.39,11.27,11.27,850,9603.5
2026-07-27,EBLHATS1,RGSP,1.34,1.34,1.34,1.34,90,120.6
2026-07-27,EBS,REGS,599.5,606.5,599.5,606.0,88,53307.0
2026-07-27,EBSNGTL10,RGSP,1644.44,1644.44,1644.44,1644.44,3,4933.32
2026-07-27,EBSNPTL16,RGSP,11.13,11.13,11.13,11.13,49,545.37
2026-07-27,EBSPTL49,RGSP,135.48,135.48,135.48,135.48,10,1354.8
2026-07-27,EBSPTL50,RGSP,123.14,123.14,123.14,123.14,90,11082.6
2026-07-27,EBVWTL10,RGSP,14.36,14.36,14.1,14.1,450,6397.0
2026-07-27,EBWTITL71,RGSP,232.72,232.72,232.72,232.72,50,11636.0
2026-07-27,EEAI,XRS1,1.39,1.39,1.13,1.13,4,5.3
2026-07-27,EFO,REGS,0.77,0.77,0.725,0.765,11453,8792.76
2026-07-27,EL,REGS,50.5,51.0,49.3,50.6,71300,3590580.55
2026-07-27,ELGS,REGS,0.206,0.206,0.206,0.206,875,180.25
2026-07-27,ELJA,XRS1,70.0,70.0,70.0,70.0,2,140.0
2026-07-27,ELMA,REGS,0.24,0.24,0.24,0.24,500,120.0
2026-07-27,EM,XRS1,43.05,43.05,41.8,42.05,1321,55476.95
2026-07-27,ENP,REGS,0.95,0.95,0.95,0.95,1,0.95
2026-07-27,EOAN,XRSI,101.15,101.15,101.15,101.15,2,202.3
2026-07-27,EPN,XRS1,0.428,0.428,0.428,0.428,1,0.428
2026-07-27,EVER,REGS,3.37,3.4,3.3,3.4,46358,157264.74
2026-07-27,FAMZ,XRS1,13.9,13.9,13.9,13.9,55,764.5
2026-07-27,FERO,XRS1,1.0,1.09,1.0,1.09,1607,1709.9
2026-07-27,FOJE,XRS1,30.4,30.4,29.7,29.7,720,21530.7
2026-07-27,FOSB,XRS1,0.735,0.735,0.695,0.73,1242,872.475
2026-07-27,FP,REGS,0.589,0.618,0.589,0.603,1632352,984326.298
2026-07-27,GIBEFETF,REGS,21.6,21.9,21.55,21.565,3194,69372.315
2026-07-27,GREEN,REGS,12.6,13.9,12.6,13.9,202,2802.6
2026-07-27,GRF,XRS1,1.41,1.44,1.41,1.44,6317,8937.39
2026-07-27,GSH,XRS1,0.34,0.378,0.336,0.336,34680,11787.388
2026-07-27,H2O,REGS,199.2,200.5,199.0,200.0,18767,3750200.6
2026-07-27,HAI,XRS1,0.361,0.362,0.358,0.362,19071,6871.7
2026-07-27,HUNT,XRS1,0.784,0.846,0.77,0.84,275958,223170.284
2026-07-27,IARV,REGS,38.0,39.0,37.5,39.0,6185,236452.6
2026-07-27,ICBETNETF,REGS,164.2,164.42,163.0,163.56,762,124587.68
2026-07-27,ICCROETF,REGS,216.0,216.0,215.5,215.5,65,14020.5
2026-07-27,ICSLOETF,REGS,351.5,351.5,351.5,351.5,142,49913.0
2026-07-27,IMP,REGS,4.21,4.21,4.13,4.17,11158,46493.53
2026-07-27,IMP26E,EORDB,99.7,99.8,99.7,99.8,16,42042.25
2026-07-27,IMP27E,EORDB,101.25,101.25,101.25,101.25,1,549.81
2026-07-27,IMPI26E,EXRB,45.0,45.0,45.0,45.0,8,19144.76
2026-07-27,IMPI27E,EXRB,43.0,43.0,43.0,43.0,3,6865.18
2026-07-27,INFINITY,REGS,4.11,4.11,4.04,4.08,73926,301810.54
2026-07-27,IPRU,XRS1,1.77,1.77,1.77,1.77,5678,10050.06
2026-07-27,ITG,XRS1,6.68,6.68,6.3,6.36,156,990.58
2026-07-27,JTG,XRS1,4.09,4.09,4.0,4.0,265,1070.35
2026-07-27,LHA,XRSI,46.5,47.35,46.47,47.0,638,29764.24
2026-07-27,LIH,XRS1,0.51,0.53,0.51,0.525,1834,957.765
2026-07-27,LIH28,XRB,90.01,90.11,90.0,90.0,75,6776.29
2026-07-27,LION,REGS,4.54,4.63,4.54,4.6,6367,29063.73
2026-07-27,LONG,REGS,2.34,2.39,2.34,2.36,3353,7885.52
2026-07-27,M,REGS,12.04,12.2,11.98,12.16,133525,1623470.9
2026-07-27,MACO,XRS1,24.1,25.0,24.1,25.0,702,17525.0
2026-07-27,MEBY,XRS1,109.0,109.0,109.0,109.0,1,109.0
2026-07-27,MILK,XRS1,5.85,6.2,5.85,6.2,51,315.85
2026-07-27,MINO,XRS1,0.15,0.2,0.112,0.112,722,136.152
2026-07-27,MKR27E,EXRB,102.5,102.5,102.5,102.5,100,54155.78
2026-07-27,MOBG,XRS1,29.8,29.8,29.8,29.8,6,178.8
2026-07-27,MOIB,XRS1,1.27,1.27,1.27,1.27,5000,6350.0
2026-07-27,NC,XRS1,0.77,0.77,0.63,0.68,36020,24337.08
2026-07-27,NEOL,XRS1,0.19,0.25,0.19,0.25,4560,909.94
2026-07-27,NRF,XRS1,2.75,2.98,2.75,2.98,104586,300144.24
2026-07-27,NRF29,XRB,97.9,98.02,97.9,98.0,90,8917.73
2026-07-27,OIL,REGS,0.1185,0.119,0.1175,0.1185,258430,30526.629
2026-07-27,OMAL,XRS1,0.65,0.65,0.65,0.65,290,188.5
2026-07-27,OMRO29E,EXRB,104.0,104.32,104.0,104.32,29,15798.84
2026-07-27,OMRO32,XRB,98.09,100.1,98.09,100.1,220,22856.57
2026-07-27,ONE,REGS,34.3,34.65,33.8,34.4,24611,837674.35
2026-07-27,PBK,REGS,0.1465,0.1475,0.1405,0.144,611160,87293.0655
2026-07-27,PBK27E,EORDB,99.75,99.75,99.75,99.75,10,26723.86
2026-07-27,PBK28E,EORDB,99.0,99.0,98.5,98.5,30,79306.58
2026-07-27,PCTM,XRS1,26.0,26.0,26.0,26.0,15,390.0
2026-07-27,PE,REGS,60.2,60.8,59.6,60.4,36493,2186519.2
2026-07-27,PPLI,XRS1,2.1,2.1,2.1,2.1,361,758.1
2026-07-27,PREB,REGS,1.95,1.96,1.91,1.96,5273,10198.375
2026-07-27,PRSN,XRS1,0.119,0.119,0.119,0.119,5000,595.0
2026-07-27,PTENGETF,REGS,16.96,17.024,16.85,16.99,37224,630410.696
2026-07-27,PTR,REGS,0.676,0.678,0.67,0.678,47820,32314.086
2026-07-27,R2610A,REGT,100.0,100.1498,100.0,100.1498,569,60234.35
2026-07-27,R2610AE,EREGT,99.75,99.8,99.75,99.8,22,11640.68
2026-07-27,R2612A,REGT,100.05,100.1899,100.0,100.1899,3328,347792.35
2026-07-27,R2612AE,EREGT,99.155,99.155,99.15,99.15,55,28866.35
2026-07-27,R2702AE,EREGT,99.83,100.199,99.83,100.1,91,48446.57
2026-07-27,R2703A,REGT,99.5002,99.9999,99.5001,99.9999,1368,140323.45
2026-07-27,R2703AE,EREGT,99.5264,99.5264,99.5207,99.5207,207,109314.63
2026-07-27,R2704A,REGT,99.999,100.07,99.999,100.07,612,62337.84
2026-07-27,R2704AE,EREGT,99.8,99.8,99.8,99.8,6,3166.92
2026-07-27,R2705AE,EREGT,99.86,99.86,99.6001,99.6001,169,88838.41
2026-07-27,R2706A,REGT,100.191,100.191,100.16,100.16,176,17774.05
2026-07-27,R2706AE,EREGT,100.4,100.4,100.4,100.4,60,31669.2
2026-07-27,R2706B,REGT,101.01,101.01,100.825,101.0,163,16605.27
2026-07-27,R2707A,REGT,99.85,99.99,99.6,99.98,1669,167454.93
2026-07-27,R2707AE,EREGT,99.6,99.6,99.221,99.221,26,13534.64
2026-07-27,R2707B,REGT,100.81,101.0,100.81,101.0,823,83353.69
2026-07-27,R2707BE,EREGT,100.7,100.7,100.7,100.7,2,1055.96
2026-07-27,R2707C,REGT,100.0999,100.22,100.0,100.21,573,57455.93
2026-07-27,R2708A,REGT,100.01,100.14,100.0,100.14,1666,178099.35
2026-07-27,R2708AE,EREGT,99.0,99.0,99.0,99.0,1,533.79
2026-07-27,R2709A,REGT,99.51,99.66,99.51,99.5102,111,11749.02
2026-07-27,R2709AE,EREGT,99.099,99.099,98.401,99.0,507,268910.65
2026-07-27,R2709B,REGT,100.7,100.7,100.6002,100.6002,322,34701.06
2026-07-27,R2709BE,EREGT,100.0,100.0,100.0,100.0,4,2168.04
2026-07-27,R2710A,REGT,99.5111,99.9999,99.5111,99.9999,179,18810.67
2026-07-27,R2710B,REGT,100.99,101.1295,100.6,101.12,1839,197123.8
2026-07-27,R2711A,REGT,99.8885,99.8994,99.8885,99.8994,5,523.47
2026-07-27,R2711B,REGT,100.69,100.69,100.69,100.69,400,42472.0
2026-07-27,R2712A,REGT,99.0,99.0,99.0,99.0,100,10302.0
2026-07-27,R2712B,REGT,100.426,100.435,100.39,100.391,592,62236.18
2026-07-27,R2712D,REGT,100.5497,100.5497,100.4999,100.4999,9,946.27
2026-07-27,R2801A,REGT,98.87,98.87,98.4001,98.5,294,29914.31
2026-07-27,R2801B,REGT,99.8,99.8,99.8,99.8,353,36539.03
2026-07-27,R2802A,REGT,100.015,100.03,100.015,100.016,700,72363.1
2026-07-27,R2803A,REGT,99.9601,100.0,99.5,99.75,1293,132573.16
2026-07-27,R2803C,REGT,97.9498,97.9498,97.9498,97.9498,29,2902.9
2026-07-27,R2804A,REGT,100.0979,100.0979,99.91,99.91,121,12359.41
2026-07-27,R2804AE,EREGT,101.201,101.499,101.2,101.4986,1489,802825.86
2026-07-27,R2804B,REGT,100.0,100.289,100.0,100.289,159,16245.9
2026-07-27,R2804C,REGT,98.6499,98.65,98.25,98.65,348,34895.72
2026-07-27,R2805A,REGT,100.0,100.0,99.9699,99.97,542,54952.7
2026-07-27,R2805B,REGT,100.2997,100.2998,100.2997,100.2998,5,508.6
2026-07-27,R2805C,REGT,98.4999,98.5,98.4999,98.5,160,15956.8
2026-07-27,R2806A,REGT,98.7999,98.7999,97.4902,98.5499,854,83898.69
2026-07-27,R2806B,REGT,100.0,100.0,99.97,99.99,253,25469.48
2026-07-27,R2807A,REGT,100.07,100.1,100.07,100.1,192,19264.53
2026-07-27,R2807B,REGT,100.2999,100.3,100.2999,100.3,34,3419.72
2026-07-27,R2808AE,EREGT,100.9,100.9,100.75,100.75,129,68009.52
2026-07-27,R2810CE,EREGT,98.6,98.6,98.5,98.5,13,6921.1
2026-07-27,R2812AE,EREGT,100.87,100.87,100.6,100.62,406,221086.18
2026-07-27,R2903AE,EREGT,99.7502,99.7502,99.7501,99.7501,22,11716.98
2026-07-27,R2904AE,EREGT,99.8,99.8,99.8,99.8,40,21178.0
2026-07-27,R2906A,REGT,100.9581,100.9581,100.958,100.958,875,89075.0
2026-07-27,R2907A,REGT,100.3,101.498,100.3,101.1,492,49873.44
2026-07-27,R2907AE,EREGT,99.85,99.85,99.8,99.8,252,132141.38
2026-07-27,R2908A,REGT,98.6,99.9,98.6,99.79,22971,2438466.68
2026-07-27,R2908AE,EREGT,99.8,100.0,99.8,100.0,7459,4086236.31
2026-07-27,R2908C,REGT,100.3,100.3996,100.0,100.3996,1169,125543.06
2026-07-27,R2910A,REGT,98.9,99.9,98.51,99.4,13091,1375472.59
2026-07-27,R2910AE,EREGT,99.8,99.8,99.65,99.65,1030,558955.1
2026-07-27,R2910C,REGT,100.0,100.0,100.0,100.0,217,22965.11
2026-07-27,R2911A,REGT,100.0,100.0,100.0,100.0,34,3572.38
2026-07-27,R2912A,REGT,99.9,100.2,99.8999,100.2,4542,474918.98
2026-07-27,R2912C,REGT,98.7,99.9,98.7,99.9,565,58848.7
2026-07-27,R3002A,REGT,100.7,100.96,100.44,100.786,1191,124117.02
2026-07-27,R3002C,REGT,97.5,97.5,97.5,97.5,2293,230400.64
2026-07-27,R3003A,REGT,100.1999,100.8,100.1,100.1003,991,102131.0
2026-07-27,R3004A,REGT,99.8,100.0,99.7,99.7,1269,129591.23
2026-07-27,R3004C,REGT,98.95,98.95,98.5,98.5,300,30156.0
2026-07-27,R3007AE,EREGT,101.5,101.5,101.5,101.5,1,532.38
2026-07-27,R3011AE,EREGT,99.25,99.2788,99.25,99.2788,51,27424.67
2026-07-27,R3012AE,EREGT,96.6201,96.6201,96.6201,96.6201,32,16674.24
2026-07-27,R3101AE,EREGT,97.3994,97.3994,97.3994,97.3994,211,110201.08
2026-07-27,R3102AE,EREGT,97.37,97.37,97.37,97.37,1,520.08
2026-07-27,R3106A,REGT,100.0051,100.8697,100.0051,100.8697,53,5349.22
2026-07-27,R3106AE,EREGT,100.65,100.65,100.65,100.65,9,4763.16
2026-07-27,R3107A,REGT,100.4012,100.9998,100.4001,100.9949,342,34443.36
2026-07-27,R3108A,REGT,100.3,100.699,100.3,100.699,310,33482.02
2026-07-27,R3109A,REGT,100.2,100.5848,100.1,100.5848,1872,200584.74
2026-07-27,R3110A,REGT,100.01,100.75,100.0,100.75,621,66057.59
2026-07-27,R3111A,REGT,99.75,99.9,99.0,99.9,1466,154111.93
2026-07-27,R3112A,REGT,99.5,99.55,99.5,99.55,371,38636.1
2026-07-27,R3112AE,EREGT,99.5999,99.7,99.5999,99.7,276,148966.0
2026-07-27,R3201A,REGT,98.5,98.9795,98.4,98.55,943,96521.87
2026-07-27,R3202A,REGT,97.01,98.0,97.01,97.55,834,84122.26
2026-07-27,R3202AE,EREGT,100.3,100.589,100.01,100.4,326,176083.52
2026-07-27,R3203A,REGT,96.988,97.29,96.11,97.2,4008,398718.29
2026-07-27,R3203AE,EREGT,99.63,99.65,99.5,99.5,150,79942.44
2026-07-27,R3204A,REGT,99.0,99.64,99.0,99.64,1642,166498.18
2026-07-27,R3205A,REGT,98.611,99.9899,98.6105,99.9899,227,22752.75
2026-07-27,R3205AE,EREGT,100.4299,100.4299,100.4299,100.4299,36,19148.76
2026-07-27,R3206AE,EREGT,101.6,102.4549,101.6,101.62,398,213369.31
2026-07-27,R3207AE,EREGT,100.75,100.8,100.67,100.8,53,27995.8
2026-07-27,R3508AE,EREGT,101.8,101.8,101.64,101.65,165,93213.03
2026-07-27,R3509AE,EREGT,101.9999,101.9999,101.6,101.6,128,71978.06
2026-07-27,R3510AE,EREGT,101.622,101.8999,101.61,101.8999,102,56926.5
2026-07-27,R3511AE,EREGT,100.3899,100.3899,100.2,100.2,161,88132.37
2026-07-27,R3512AE,EREGT,99.8,100.0299,99.8,100.0,40,21700.64
2026-07-27,R3601AE,EREGT,99.7,99.87,99.521,99.521,275,148018.91
2026-07-27,R3602AE,EREGT,98.3799,98.3799,97.9001,98.1,302,159258.46
2026-07-27,R3603AE,EREGT,98.0001,98.4,98.0001,98.39,369,193673.48
2026-07-27,R3604AE,EREGT,100.9,101.1835,100.673,101.1835,160,85907.66
2026-07-27,R3605AE,EREGT,100.15,100.15,100.1,100.1,35,18564.05
2026-07-27,R3606A,REGT,99.9999,99.9999,99.9999,99.9999,3,302.13
2026-07-27,R3606AE,EREGT,99.5,99.5,97.0001,97.0001,115,59035.76
2026-07-27,R3606BE,EREGT,103.91,103.91,103.91,103.91,100,54725.0
2026-07-27,R3607A,REGT,99.5,99.5,99.5,99.5,300,29937.0
2026-07-27,R3607AE,EREGT,100.0999,100.0999,100.0,100.05,115,60391.9
2026-07-27,RBBRDTL5,RGSP,28.33,28.33,28.33,28.33,10000,283300.0
2026-07-27,RBBRETL1,RGSP,33.54,33.54,33.54,33.54,15,503.1
2026-07-27,RBBRETL2,RGSP,28.89,28.91,28.89,28.91,20,578.0
2026-07-27,RBEADTL1,RGSP,57.87,57.87,57.87,57.87,1,57.87
2026-07-27,RBMTL3,RGSP,6.92,6.92,6.92,6.92,125,865.0
2026-07-27,RBMTL5,RGSP,2.69,2.8,2.59,2.8,11035,29238.0
2026-07-27,RBROTX,RGSP,82.53,82.53,82.53,82.53,1,82.53
2026-07-27,RBSAPTL1,RGSP,14.0,19.09,14.0,19.0,635,10341.97
2026-07-27,RBSLVTL6,RGSP,15.49,15.49,15.49,15.49,20,309.8
2026-07-27,RBSNGTL11,RGSP,9.09,9.09,8.93,9.05,3649,33023.01
2026-07-27,RBSNGTL6,RGSP,136.98,136.98,136.98,136.98,1,136.98
2026-07-27,RBSNPTL12,RGSP,0.39,0.39,0.39,0.39,10000,3900.0
2026-07-27,RBTLVTL13,RGSP,15.56,15.56,15.56,15.56,500,7780.0
2026-07-27,RBTTSTL9,RGSP,2.18,2.18,2.18,2.18,53,115.54
2026-07-27,RCFPTL6,RGSP,2.79,2.79,2.79,2.79,105,292.95
2026-07-27,RCHI,XRS1,0.242,0.242,0.242,0.242,12,2.904
2026-07-27,RCSPX,RGSP,342.0,342.0,342.0,342.0,1,342.0
2026-07-27,REFE,XRS1,29.8,29.8,29.8,29.8,30,894.0
2026-07-27,REIT,XRS1,0.28,0.28,0.27,0.27,66169,17956.638
2026-07-27,RES33E,EORDB,94.68,94.7,94.4,94.68,48,24021.5
2026-07-27,RMAH,REGS,0.88,0.882,0.864,0.882,74309,64972.318
2026-07-27,ROC1,REGS,0.61,0.64,0.61,0.64,2122,1295.17
2026-07-27,ROCE,REGS,0.215,0.217,0.215,0.216,36322,7842.384
2026-07-27,RPH,REGS,0.226,0.226,0.224,0.224,28236,6337.336
2026-07-27,RRC,REGS,0.0875,0.0875,0.0815,0.086,611339,50995.4615
2026-07-27,RRD,XRS1,1.47,1.7,1.47,1.7,751,1105.22
2026-07-27,SAFE,REGS,0.98,1.05,0.964,1.05,652310,661595.686
2026-07-27,SAP,XRSI,755.0,791.5,751.9,791.5,211,162405.3
2026-07-27,SATU,XRS1,4.1,4.1,4.1,4.1,165,676.5
2026-07-27,SBET29,XRB,91.45,91.94,90.2,90.2,510,49244.55
2026-07-27,SCBC,XRS1,53.5,53.5,53.5,53.5,20,1070.0
2026-07-27,SEOL,XRS1,1.18,1.18,1.18,1.18,2575,3038.5
2026-07-27,SEOM,XRS1,1.2,1.2,1.13,1.13,77,91.91
2026-07-27,SERC,XRS1,0.815,0.815,0.815,0.815,2800,2282.0
2026-07-27,SFG,REGS,39.9,39.9,39.4,39.4,4494,177708.1
2026-07-27,SIDG,XRS1,0.232,0.232,0.218,0.23,12608,2924.842
2026-07-27,SKI29,XRB,94.5,94.59,94.5,94.59,44,4234.4
2026-07-27,SMTL,REGS,39.1,39.9,38.9,39.9,1166,45734.5
2026-07-27,SNC,XRS1,3.1,3.1,3.1,3.1,1100,3410.0
2026-07-27,SNG,REGS,18.58,18.96,18.22,18.48,579182,10726034.88
2026-07-27,SNN,REGS,69.8,70.0,69.6,69.7,37115,2592618.7
2026-07-27,SNO,REGS,32.2,32.2,31.0,31.4,1950,61404.2
2026-07-27,SNP,REGS,1.25,1.259,1.22,1.259,9780234,12232716.209
2026-07-27,SOCP,REGS,1.67,1.75,1.67,1.75,2612,4540.06
2026-07-27,SPX,XRS1,0.258,0.26,0.252,0.26,7870,2043.792
2026-07-27,STNM,XRS1,14.0,14.0,14.0,14.0,45,630.0
2026-07-27,TBK,REGS,16.9,17.0,16.9,17.0,1779,30102.0
2026-07-27,TBM,REGS,0.274,0.274,0.27,0.27,39268,10627.134
2026-07-27,TEI26E,EXRB,99.55,99.55,99.55,99.55,123,64666.32
2026-07-27,TEI29,XRB,104.5,104.5,104.5,104.5,36,3846.33
2026-07-27,TEI29E,EXRB,104.44,104.44,104.44,104.44,5,2788.47
2026-07-27,TEL,REGS,113.8,114.0,113.0,113.6,10449,1190249.8
2026-07-27,TGN,REGS,98.8,99.1,97.7,98.8,17839,1763668.2
2026-07-27,TLV,REGS,37.12,37.2,37.02,37.02,471301,17505488.0
2026-07-27,TRANSI,REGS,0.674,0.674,0.662,0.664,91478,60841.554
2026-07-27,TRI29,XRB,18.0,18.0,18.0,18.0,1000,19680.56
2026-07-27,TRIP,REGS,1.68,1.68,1.6,1.645,473712,777417.775
2026-07-27,TRNG,XRS1,9.1,9.1,9.1,9.1,20,182.0
2026-07-27,TRP,REGS,0.448,0.448,0.442,0.4455,455581,202939.502
2026-07-27,TSND,XRS1,0.07,0.07,0.07,0.07,297,20.79
2026-07-27,TTS,REGS,6.54,6.6,6.48,6.6,135987,889705.14
2026-07-27,TUAA,XRS1,0.118,0.118,0.118,0.118,1012,119.416
2026-07-27,TVBETETF,REGS,61.6,61.95,61.36,61.61,90341,5568878.56
2026-07-27,UAM,REGS,0.41,0.458,0.41,0.458,2010,824.58
2026-07-27,UARG,XRS1,1.64,1.79,1.64,1.64,32,52.63
2026-07-27,UNIR,XRS1,1.88,2.0,1.88,1.88,223,421.04
2026-07-27,UNISEM,XRS1,0.68,0.68,0.65,0.66,43252,28434.9
2026-07-27,UZC,XRS1,5.6,5.6,5.6,5.6,1,5.6
2026-07-27,VAC,XRS1,6.45,6.95,6.45,6.95,243,1659.05
2026-07-27,VISTA36E,EORDB,100.0,100.0,100.0,100.0,2,1053408.33
2026-07-27,VNC,REGS,0.0965,0.0965,0.0945,0.0945,3409,328.7945
2026-07-27,WINE,REGS,19.95,19.95,19.5,19.9,4895,96284.75
2026-07-28,2P,XRS1,1.04,1.05,1.04,1.05,8622,9051.02
2026-07-28,4RT,XRS1,1.57,1.62,1.57,1.62,3521,5589.08
2026-07-28,AAG,REGS,4.12,4.12,4.05,4.12,1232,5034.79
2026-07-28,ABG29E,EXRB,100.2,100.2,100.2,100.2,147,77787.18
2026-07-28,ADISS,XRS1,0.185,0.216,0.185,0.216,2010,372.16
2026-07-28,ADS,XRSI,935.8,935.8,935.8,935.8,1,935.8
2026-07-28,AG,XRS1,1.55,1.585,1.55,1.57,8988,14096.0
2026-07-28,AGR28,XRB,101.0,101.0,101.0,101.0,4,416.72
2026-07-28,ALB,XRS1,2.74,2.74,2.74,2.74,1,2.74
2026-07-28,ALDANI,XRS1,1.84,1.84,1.84,1.84,1000,1840.0
2026-07-28,ALR,REGS,1.43,1.43,1.415,1.43,20726,29403.27
2026-07-28,ALT,REGS,0.073,0.073,0.07,0.07,535,39.052
2026-07-28,ALU,REGS,2.7,2.7,2.67,2.7,10399,27982.47
2026-07-28,ALW,XRS1,25.3,25.3,24.2,24.9,3922,95606.8
2026-07-28,AQ,REGS,1.8,1.81,1.79,1.81,326226,588053.835
2026-07-28,ARCU,XRS1,3.72,3.9,3.72,3.9,16,59.7
2026-07-28,ARCV,XRS1,0.158,0.158,0.158,0.158,1000,158.0
2026-07-28,ARM,REGS,0.29,0.298,0.29,0.292,1855,542.178
2026-07-28,ARO,XRS1,1.9,1.9,1.9,1.9,1338,2542.2
2026-07-28,AROBS,REGS,0.724,0.736,0.72,0.732,217268,158363.478
2026-07-28,ARS,REGS,18.8,19.0,18.0,18.2,20281,375537.95
2026-07-28,ASC,XRS1,12.35,12.65,12.35,12.65,1188,14752.2
2026-07-28,ASC27,XRB,99.85,99.85,99.85,99.85,200,20791.92
2026-07-28,ASP,XRS1,0.0215,0.0215,0.0215,0.0215,1200,25.8
2026-07-28,AST,XRS1,21.2,21.2,21.2,21.2,130,2756.0
2026-07-28,ATB,REGS,2.155,2.16,2.14,2.15,73244,157505.74
2026-07-28,AVIO,XRS1,2.57,2.57,2.57,2.57,4,10.28
2026-07-28,B2707A,REGT,97.0002,97.0002,97.0002,97.0002,2,19412.76
2026-07-28,BALN,XRS1,0.0945,0.11,0.0925,0.099,31075,2899.06
2026-07-28,BAYN,XRSI,244.5,244.5,242.0,242.0,6,1454.5
2026-07-28,BBGA,XRS1,2.42,2.42,2.14,2.14,566,1214.88
2026-07-28,BCM,REGS,0.131,0.131,0.131,0.131,861,112.791
2026-07-28,BENTO,XRS1,8.58,8.62,8.58,8.6,1712,14706.5
2026-07-28,BIO,REGS,1.335,1.34,1.325,1.34,36531,48547.825
2026-07-28,BIOW,XRS1,0.0755,0.078,0.0755,0.078,10923,831.187
2026-07-28,BKAURTL28,RGSP,58.77,58.77,58.0,58.0,11,638.77
2026-07-28,BKAURTL29,RGSP,8.66,8.66,8.48,8.48,244,2108.72
2026-07-28,BKAURTL31,RGSP,28.72,28.72,27.1,27.1,1162,32498.43
2026-07-28,BKAURTL32,RGSP,2.2,2.22,1.88,1.98,8589,17907.32
2026-07-28,BKAURTS36,RGSP,53.0,53.0,53.0,53.0,9,477.0
2026-07-28,BKBETETF,REGS,43.78,43.865,43.78,43.865,69,3025.165
2026-07-28,BKDOWTLA4,RGSP,91.8,91.8,91.8,91.8,100,9180.0
2026-07-28,BKDOWTLG2,RGSP,5.8,5.81,5.8,5.8,11748,68221.9
2026-07-28,BKDOWTLG5,RGSP,4.08,4.08,4.08,4.08,2250,9180.0
2026-07-28,BKDOWTLG6,RGSP,34.99,36.87,34.99,36.33,2093,76168.38
2026-07-28,BKDOWTLH2,RGSP,31.7,33.5,31.51,33.15,43817,1405297.35
2026-07-28,BKDOWTSG7,RGSP,2.44,2.44,2.26,2.29,61307,142219.32
2026-07-28,BKDOWTSG8,RGSP,13.5,13.5,11.59,12.0,36832,450525.08
2026-07-28,BKDOWTSG9,RGSP,8.99,9.27,7.18,7.63,494143,4003213.58
2026-07-28,BKWTITL11,RGSP,5.03,5.03,5.03,5.03,800,4024.0
2026-07-28,BKWTITL25,RGSP,4.17,4.22,4.1,4.21,24698,103911.3
2026-07-28,BKWTITL30,RGSP,16.29,16.78,16.29,16.78,2457,40675.03
2026-07-28,BKWTITL32,RGSP,2.02,2.09,1.97,2.09,1846,3767.14
2026-07-28,BKWTITL7,RGSP,5.13,5.13,5.13,5.13,100,513.0
2026-07-28,BKWTITS42,RGSP,4.67,4.68,4.64,4.68,3075,14280.75
2026-07-28,BKWTITS43,RGSP,18.83,19.5,18.75,18.77,30484,574790.94
2026-07-28,BMW,XRSI,307.9,314.0,307.9,314.0,55,17006.4
2026-07-28,BNET,REGS,0.102,0.114,0.102,0.1085,4510344,468479.631
2026-07-28,BNET27A,ORDB,98.72,98.72,98.72,98.72,15,1494.97
2026-07-28,BNET28,ORDB,95.9,96.0,95.9,96.0,50,4855.5
2026-07-28,BONA,XRS1,0.56,0.575,0.53,0.53,15977,9085.985
2026-07-28,BRCR,XRS1,0.3,0.3,0.3,0.3,10,3.0
2026-07-28,BRD,REGS,36.9,37.3,36.75,37.3,113426,4212241.15
2026-07-28,BRK,REGS,0.135,0.1375,0.1335,0.1335,1173559,158244.805
2026-07-28,BRK26,ORDB,98.51,99.84,98.51,99.84,31,3100.95
2026-07-28,BRM,REGS,2.06,2.2,2.06,2.2,61,129.72
2026-07-28,BTBETRETF,REGS,12.65,13.498,12.62,12.698,275619,3499432.48
2026-07-28,BUCS,XRS1,0.2,0.2,0.2,0.2,3,0.6
2026-07-28,BUCU,XRS1,1.72,1.74,1.72,1.74,3556,6116.6
2026-07-28,BUCV,REGS,1.18,1.23,1.18,1.23,5100,6023.0
2026-07-28,BVB,REGS,95.2,96.2,87.6,89.2,33376,3078856.2
2026-07-28,CAIN,XRS1,65.0,70.0,58.0,58.0,19,1170.0
2026-07-28,CAOR,REGS,1.71,1.71,1.7,1.7,525,892.86
2026-07-28,CBC,REGS,25.2,25.2,24.2,24.2,67,1628.4
2026-07-28,CC,XRS1,13.7,13.7,13.6,13.65,2070,28226.4
2026-07-28,CCOM,XRS1,0.0895,0.0895,0.0895,0.0895,12,1.074
2026-07-28,CEPO,XRS1,7.8,7.8,6.9,6.9,170,1191.0
2026-07-28,CFH,REGS,43.0,43.8,42.15,43.8,15411,665911.8
2026-07-28,CHRD,XRS1,7.95,7.95,7.95,7.95,1,7.95
2026-07-28,CLAIM,XRS1,3.98,3.98,3.98,3.98,103,409.94
2026-07-28,CMF,REGS,4.7,4.72,4.42,4.42,220,1020.6
2026-07-28,CMP,REGS,0.724,0.724,0.712,0.722,15026,10735.77
2026-07-28,CMVX,XRS1,75.0,75.5,71.5,74.5,87,6328.0
2026-07-28,CODE,XRS1,1.02,1.02,1.0,1.0,609,619.18
2026-07-28,COKJ,XRS1,63.5,63.5,63.5,63.5,12,762.0
2026-07-28,COMI,REGS,0.01,0.0106,0.01,0.0106,5316,56.0898
2026-07-28,COTE,REGS,78.2,79.0,77.4,78.6,4736,371295.6
2026-07-28,CPLB,XRS1,10.8,10.8,10.8,10.8,1,10.8
2026-07-28,CRC,REGS,6.12,6.12,6.12,6.12,101,618.12
2026-07-28,CRMC,XRS1,0.132,0.132,0.131,0.131,6331,832.758
2026-07-28,DAI,XRSI,248.0,249.8,244.0,245.7,154,38044.6
2026-07-28,DBK,XRSI,160.38,161.4,160.38,161.4,81,12998.16
2026-07-28,DENT,XRS1,1.18,1.18,1.18,1.18,1,1.18
2026-07-28,DIGI,REGS,66.5,68.5,66.4,68.5,61568,4189359.2
2026-07-28,DN,XRS1,3.6,3.62,3.52,3.61,184409,661150.48
2026-07-28,DPW,XRSI,303.1,303.1,303.1,303.1,3,909.3
2026-07-28,DTE,XRSI,143.0,144.05,142.95,144.05,78,11191.1
2026-07-28,DTG,XRSI,247.0,248.1,247.0,248.1,62,15327.2
2026-07-28,EAI,REGS,15.84,15.98,15.7,15.9,58969,937520.14
2026-07-28,EBADSTL11,RGSP,51.33,51.33,51.33,51.33,9,461.97
2026-07-28,EBADSTL12,RGSP,44.89,44.89,44.89,44.89,5,224.45
2026-07-28,EBBMWTL12,RGSP,17.74,17.74,17.5,17.5,3015,52846.1
2026-07-28,EBBMWTL13,RGSP,6.19,6.4,6.19,6.4,329,2060.68
2026-07-28,EBDAXTL87,RGSP,484.5,484.5,484.5,484.5,1,484.5
2026-07-28,EBEBSTL49,RGSP,44.58,44.58,44.58,44.58,50,2229.0
2026-07-28,EBEUSDTL26,RGSP,4.43,4.43,4.43,4.43,1500,6645.0
2026-07-28,EBFPTL28,RGSP,34.08,34.08,34.08,34.08,3,102.24
2026-07-28,EBGLDTL32,RGSP,846.0,846.0,846.0,846.0,1,846.0
2026-07-28,EBH2OTL1,RGSP,12.69,12.69,12.53,12.53,64,802.08
2026-07-28,EBLHATS1,RGSP,1.3,1.36,1.3,1.36,105,136.8
2026-07-28,EBLHATS2,RGSP,2.35,2.35,2.35,2.35,100,235.0
2026-07-28,EBS,REGS,604.5,605.5,597.5,598.0,631,379633.0
2026-07-28,EBSLVTL36,RGSP,159.49,275.0,159.49,275.0,6,1072.73
2026-07-28,EBSLVTL44,RGSP,140.36,140.36,137.75,137.75,17,2364.61
2026-07-28,EBSNGTL12,RGSP,1472.93,1472.93,1472.93,1472.93,5,7364.65
2026-07-28,EBSNGTL7,RGSP,183.76,183.76,183.76,183.76,5,918.8
2026-07-28,EBSNPTL15,RGSP,12.25,12.25,12.25,12.25,100,1225.0
2026-07-28,EBSNPTL16,RGSP,11.45,11.45,11.45,11.45,4,45.8
2026-07-28,EBVWTL10,RGSP,15.25,15.32,15.25,15.32,1050,16047.5
2026-07-28,EBWTI1,RGSP,21.7,21.74,21.7,21.74,715,15516.58
2026-07-28,ECT,REGS,0.065,0.065,0.065,0.065,12,0.78
2026-07-28,EFO,REGS,0.765,0.765,0.74,0.76,1113,843.61
2026-07-28,EL,REGS,51.1,51.6,49.65,50.5,83516,4198842.5
2026-07-28,ELGS,REGS,0.206,0.206,0.2,0.2,99048,19869.97
2026-07-28,ELJA,XRS1,72.5,72.5,70.0,70.0,111,8020.0
2026-07-28,ELMA,REGS,0.24,0.24,0.23,0.23,26450,6121.88
2026-07-28,EM,XRS1,42.1,43.0,41.75,43.0,517,21735.4
2026-07-28,ENP,REGS,0.89,0.945,0.815,0.945,517,427.905
2026-07-28,EOAN,XRSI,100.0,100.0,100.0,100.0,10,1000.0
2026-07-28,EVER,REGS,3.39,3.4,3.36,3.4,179969,609186.19
2026-07-28,FACY,XRS1,10.1,10.1,10.1,10.1,40,404.0
2026-07-28,FERO,XRS1,1.09,1.1,1.03,1.08,3261,3464.86
2026-07-28,FOJE,XRS1,29.8,29.8,29.5,29.7,418,12413.9
2026-07-28,FOSB,XRS1,0.725,0.725,0.725,0.725,3000,2175.0
2026-07-28,FP,REGS,0.606,0.61,0.603,0.61,2705274,1642902.565
2026-07-28,GIBEFETF,REGS,21.9,21.9,21.89,21.9,7990,174979.48
2026-07-28,GRF,XRS1,1.44,1.44,1.4,1.4,6516,9246.4
2026-07-28,GSH,XRS1,0.34,0.364,0.34,0.364,6945,2385.352
2026-07-28,H2O,REGS,199.8,200.5,198.8,200.0,36240,7241499.4
2026-07-28,HAI,XRS1,0.362,0.369,0.362,0.369,31118,11264.772
2026-07-28,HUNT,XRS1,0.838,0.846,0.82,0.82,53499,44713.552
2026-07-28,IARV,REGS,39.0,39.0,38.4,38.9,3412,132475.9
2026-07-28,ICBETNETF,REGS,164.3,165.42,164.3,165.38,547,90287.36
2026-07-28,ICCROETF,REGS,215.0,215.5,215.0,215.5,36,7756.0
2026-07-28,ICEV,XRS1,2.14,2.14,2.14,2.14,102,218.28
2026-07-28,ICSLOETF,REGS,350.5,352.5,350.5,352.5,31,10900.5
2026-07-28,IMP,REGS,4.21,4.21,4.1,4.14,22403,92192.13
2026-07-28,IMP27E,EORDB,101.0,101.25,101.0,101.25,30,16452.92
2026-07-28,IMPI27E,EXRB,43.0,43.0,43.0,43.0,11,25176.45
2026-07-28,INFINITY,REGS,4.04,4.13,4.04,4.13,171219,702746.78
2026-07-28,INTA,XRS1,29.0,29.0,29.0,29.0,29,841.0
2026-07-28,IPRU,XRS1,1.75,1.775,1.73,1.775,12192,21471.39
2026-07-28,ISSA26E,EXRB,99.8,99.8,99.8,99.8,100,52803.75
2026-07-28,ITG,XRS1,6.39,6.63,6.39,6.39,2405,15418.25
2026-07-28,JTG,XRS1,4.09,4.09,4.0,4.01,982,3950.45
2026-07-28,LHA,XRSI,47.5,47.5,47.45,47.45,103,4892.35
2026-07-28,LIH,XRS1,0.51,0.52,0.51,0.52,9511,4943.33
2026-07-28,LIH28,XRB,90.5,90.5,90.5,90.5,25,2270.83
2026-07-28,LION,REGS,4.54,4.62,4.51,4.62,18645,84828.1
2026-07-28,LONG,REGS,2.35,2.4,2.34,2.38,32071,75939.28
2026-07-28,M,REGS,12.16,12.2,12.0,12.2,75645,918106.38
2026-07-28,MACO,XRS1,25.0,25.9,25.0,25.9,1739,44207.2
2026-07-28,MAM,XRS1,1.2,1.34,1.2,1.21,530,670.2
2026-07-28,MFC,REGS,19.0,19.0,19.0,19.0,347,6593.0
2026-07-28,MIB,XRS1,20.0,20.0,20.0,20.0,67,1340.0
2026-07-28,MILK,XRS1,6.2,6.2,5.85,5.85,359,2104.8
2026-07-28,MOIB,XRS1,1.28,1.28,1.28,1.28,5,6.4
2026-07-28,MWGP27,XRB,18.72,18.72,18.72,18.72,4,77.6
2026-07-28,NAPO,REGS,2.06,2.06,2.06,2.06,50,103.0
2026-07-28,NC,XRS1,0.68,0.69,0.675,0.685,32190,22004.405
2026-07-28,NEOL,XRS1,0.21,0.21,0.21,0.21,1500,315.0
2026-07-28,NRF,XRS1,2.98,3.06,2.78,2.89,55071,161014.37
2026-07-28,NRF29,XRB,98.0,98.0,98.0,98.0,249,24685.59
2026-07-28,OIL,REGS,0.119,0.1215,0.119,0.1215,450301,54208.591
2026-07-28,OMRO32,XRB,99.0,99.0,99.0,99.0,100,10420.0
2026-07-28,ONE,REGS,34.4,34.7,34.3,34.7,8148,281553.25
2026-07-28,PBK,REGS,0.1415,0.1445,0.139,0.142,924567,130181.992
2026-07-28,PBK27E,EORDB,99.55,99.55,99.5,99.5,20,53307.29
2026-07-28,PBK28E,EORDB,98.6,98.76,98.6,98.76,4,10545.35
2026-07-28,PE,REGS,60.4,60.4,59.8,60.4,15198,914206.8
2026-07-28,PPL,REGS,7.45,7.45,7.45,7.45,3,22.35
2026-07-28,PPLI,XRS1,2.16,2.34,1.9,2.34,1164,2282.08
2026-07-28,PREB,REGS,1.95,1.995,1.95,1.95,8433,16465.785
2026-07-28,PRSN,XRS1,0.119,0.119,0.117,0.117,61050,7263.8
2026-07-28,PTENGETF,REGS,16.974,17.082,16.95,17.046,40538,690385.162
2026-07-28,PTR,REGS,0.674,0.678,0.672,0.678,25306,17133.348
2026-07-28,PVBS,XRS1,0.53,0.53,0.45,0.52,413,214.98
2026-07-28,R2610A,REGT,100.2983,100.2983,100.0,100.0,466,49388.28
2026-07-28,R2612A,REGT,100.05,100.2,100.04,100.04,1271,132876.77
2026-07-28,R2612AE,EREGT,99.1611,99.1611,99.1611,99.1611,17,8920.58
2026-07-28,R2612BE,EREGT,99.55,99.55,99.55,99.55,10,5326.9
2026-07-28,R2702AE,EREGT,99.96,99.98,99.5,99.5,560,297365.4
2026-07-28,R2703A,REGT,99.9999,100.11,99.9999,100.11,2000,205572.8
2026-07-28,R2704A,REGT,99.82,100.03,99.82,99.94,985,100280.0
2026-07-28,R2704AE,EREGT,99.51,99.51,99.51,99.51,44,23150.6
2026-07-28,R2706A,REGT,100.16,100.18,100.16,100.18,60,6060.26
2026-07-28,R2706AE,EREGT,99.5615,99.5615,99.5615,99.5615,40,20930.8
2026-07-28,R2706B,REGT,100.9012,101.0,100.82,101.0,826,84163.24
2026-07-28,R2707A,REGT,99.9899,99.9899,99.85,99.85,342,34365.4
2026-07-28,R2707AE,EREGT,99.7,99.9,99.7,99.9,50,26120.05
2026-07-28,R2707B,REGT,101.0,101.1498,101.0,101.0,303,30705.26
2026-07-28,R2707C,REGT,100.01,100.22,100.01,100.22,257,25795.98
2026-07-28,R2708A,REGT,100.14,100.14,100.1,100.1,32,3425.44
2026-07-28,R2708B,REGT,100.9,101.03,100.9,100.91,896,97536.35
2026-07-28,R2709A,REGT,99.9997,99.9997,99.7,99.7001,206,21823.38
2026-07-28,R2709AE,EREGT,99.0,99.0,98.86,98.86,101,53665.06
2026-07-28,R2709B,REGT,100.6101,101.0,100.6101,101.0,189,20423.49
2026-07-28,R2710A,REGT,100.4877,100.4877,99.53,100.0,155,16290.16
2026-07-28,R2710B,REGT,101.149,101.149,100.75,101.1479,84,9011.74
2026-07-28,R2711A,REGT,99.8999,99.97,98.0,99.97,2777,289832.37
2026-07-28,R2711B,REGT,100.892,100.892,100.892,100.892,14,1489.6
2026-07-28,R2712A,REGT,99.44,99.44,99.25,99.25,84,8689.66
2026-07-28,R2712B,REGT,100.7485,101.0,100.7485,101.0,2355,248812.9
2026-07-28,R2712D,REGT,100.4998,100.65,100.4998,100.65,842,88576.89
2026-07-28,R2801A,REGT,98.8699,98.88,98.8699,98.88,130,13273.4
2026-07-28,R2801B,REGT,99.9499,100.3991,99.9499,100.3991,2032,211201.21
2026-07-28,R2802A,REGT,100.04,100.0403,100.023,100.0403,539,55737.9
2026-07-28,R2802B,REGT,99.8501,100.0,99.85,100.0,1157,119328.69
2026-07-28,R2802C,REGT,97.9203,97.9203,97.9203,97.9203,33,3321.45
2026-07-28,R2803A,REGT,99.91,100.28,99.91,100.28,237,24389.17
2026-07-28,R2803B,REGT,99.5,99.79,99.5,99.79,1017,104035.91
2026-07-28,R2803C,REGT,97.51,97.51,97.51,97.51,20,1993.6
2026-07-28,R2804A,REGT,100.098,100.098,99.85,100.098,200,20408.75
2026-07-28,R2804AE,EREGT,101.2255,101.6,101.2156,101.4,300,161859.05
2026-07-28,R2804B,REGT,100.0001,100.2875,100.0,100.2875,1150,117366.5
2026-07-28,R2804C,REGT,98.5001,99.0,98.5001,99.0,141,14155.75
2026-07-28,R2805B,REGT,100.2998,100.2998,100.1,100.1,599,60824.46
2026-07-28,R2805C,REGT,98.5,98.8,97.6307,98.8,2587,257748.28
2026-07-28,R2806B,REGT,99.85,100.05,99.85,100.05,890,89629.51
2026-07-28,R2807A,REGT,100.0,100.0,100.0,100.0,50,5013.0
2026-07-28,R2807B,REGT,100.3,100.3,99.7501,99.7501,168,16837.55
2026-07-28,R2808AE,EREGT,100.9,100.9,100.9,100.9,1,527.77
2026-07-28,R2810AE,EREGT,100.5538,100.5544,100.52,100.52,666,365423.46
2026-07-28,R2810CE,EREGT,98.6,98.6,98.6,98.6,34,18109.76
2026-07-28,R2811AE,EREGT,97.01,98.2,96.7302,97.9999,312,164164.8
2026-07-28,R2812AE,EREGT,100.8649,100.89,100.7,100.71,101,55039.76
2026-07-28,R2901AE,EREGT,97.0,97.0,97.0,97.0,15,7761.15
2026-07-28,R2903AE,EREGT,99.75,99.75,99.75,99.75,98,52178.14
2026-07-28,R2904AE,EREGT,99.999,100.0,99.8,99.8,111,58768.29
2026-07-28,R2907A,REGT,100.99,100.99,100.99,100.99,2,202.58
2026-07-28,R2908A,REGT,99.75,100.0,99.6,100.0,17671,1880630.17
2026-07-28,R2908AE,EREGT,100.3,100.3,99.8,99.9,26,14226.18
2026-07-28,R2908C,REGT,100.3998,100.89,100.299,100.89,164,17699.45
2026-07-28,R2909A,REGT,100.0,100.0,100.0,100.0,100,10658.0
2026-07-28,R2910A,REGT,99.4,100.0,99.4,100.0,16285,1717381.08
2026-07-28,R2910AE,EREGT,99.3002,99.9,99.3002,99.9,1859,1008345.12
2026-07-28,R2911A,REGT,100.0,100.0,100.0,100.0,25,2627.25
2026-07-28,R2912A,REGT,100.001,100.2,100.0,100.0,2825,295551.1
2026-07-28,R2912C,REGT,100.0,100.0,100.0,100.0,150,15657.0
2026-07-28,R3001A,REGT,99.3999,99.69,99.3999,99.65,1107,114215.49
2026-07-28,R3002A,REGT,100.9,101.0,100.65,100.65,2861,298887.41
2026-07-28,R3003A,REGT,100.7999,100.8,100.1555,100.1555,2330,240073.2
2026-07-28,R3003C,REGT,97.17,97.1799,97.17,97.1799,14,1394.34
2026-07-28,R3004A,REGT,100.0,100.0,99.7201,99.7201,422,43023.39
2026-07-28,R3004C,REGT,99.0,99.0,99.0,99.0,59,5952.51
2026-07-28,R3005A,REGT,100.8697,100.8697,100.8697,100.8697,57,5835.09
2026-07-28,R3006AE,EREGT,100.89,100.89,100.5,100.5,118,62453.44
2026-07-28,R3007AE,EREGT,100.3,100.3,100.3,100.3,10,5259.4
2026-07-28,R3008AE,EREGT,99.9999,100.0,99.9999,100.0,100,54970.0
2026-07-28,R3009AE,EREGT,99.9,99.9,99.9,99.9,3,1639.68
2026-07-28,R3011AE,EREGT,99.3,99.3,99.3,99.3,10,5377.6
2026-07-28,R3101AE,EREGT,97.1,97.3994,97.1,97.3994,32,16704.7
2026-07-28,R3103AE,EREGT,97.66,97.66,97.66,97.66,4,2078.64
2026-07-28,R3106A,REGT,100.65,101.39,100.65,101.39,150,15304.3
2026-07-28,R3106AE,EREGT,100.5,100.5,100.5,100.5,9,4755.15
2026-07-28,R3107A,REGT,100.8999,101.35,100.61,101.2,2485,251392.42
2026-07-28,R3108A,REGT,100.7888,101.978,100.7888,101.978,582,63180.9
2026-07-28,R3109A,REGT,100.58,100.89,100.58,100.89,1089,117267.65
2026-07-28,R3110A,REGT,100.8,100.85,100.4202,100.85,135,14391.3
2026-07-28,R3111A,REGT,99.995,100.0,99.995,100.0,500,52669.85
2026-07-28,R3112A,REGT,99.85,100.0,99.85,99.9,3514,367553.53
2026-07-28,R3112AE,EREGT,99.7,100.0,99.6,100.0,4192,2268421.61
2026-07-28,R3201A,REGT,98.5515,100.0,98.5515,100.0,11860,1225837.16
2026-07-28,R3202A,REGT,98.0,99.0,98.0,99.0,2594,263963.44
2026-07-28,R3202AE,EREGT,100.4,100.5,100.3,100.3,561,302608.72
2026-07-28,R3203A,REGT,97.0,98.3,96.8001,98.3,10678,1070934.52
2026-07-28,R3203AE,EREGT,99.62,100.0,99.6,100.0,2882,1538365.91
2026-07-28,R3204A,REGT,99.635,100.15,99.635,100.0,12387,1262352.37
2026-07-28,R3204AE,EREGT,99.55,100.0,99.55,100.0,1646,874053.48
2026-07-28,R3205A,REGT,99.99,100.01,99.99,100.0,337,34191.75
2026-07-28,R3205AE,EREGT,100.43,100.4301,100.25,100.4299,337,179078.78
2026-07-28,R3206AE,EREGT,101.9949,102.2799,101.9948,102.0,89,47848.7
2026-07-28,R3207AE,EREGT,100.79,100.79,100.7,100.7,141,74480.42
2026-07-28,R3508AE,EREGT,101.7,101.7,101.68,101.68,523,295424.71
2026-07-28,R3509AE,EREGT,101.8,101.948,101.6,101.66,219,123083.19
2026-07-28,R3510AE,EREGT,101.9,101.9,101.6,101.8,65,36301.44
2026-07-28,R3511AE,EREGT,100.11,100.3,100.11,100.2501,536,293407.7
2026-07-28,R3512AE,EREGT,99.75,100.0,99.7,100.0,572,310021.86
2026-07-28,R3601AE,EREGT,99.86,99.89,99.85,99.85,190,102374.35
2026-07-28,R3602AE,EREGT,98.38,98.38,98.1,98.32,271,143253.18
2026-07-28,R3603AE,EREGT,98.25,98.39,98.25,98.39,158,83053.88
2026-07-28,R3604AE,EREGT,101.17,101.17,101.05,101.1389,94,50553.02
2026-07-28,R3605AE,EREGT,100.01,100.15,100.01,100.15,130,68868.87
2026-07-28,R3606A,REGT,100.1,100.1001,100.1,100.1,2292,231102.36
2026-07-28,R3606BE,EREGT,104.549,104.68,104.549,104.68,94,51797.01
2026-07-28,R3607AE,EREGT,100.0988,100.0988,100.0,100.0,233,122293.05
2026-07-28,RBAQTL5,RGSP,0.85,0.85,0.85,0.85,700,595.0
2026-07-28,RBBMWTL1,RGSP,5.11,5.28,5.11,5.28,150,779.25
2026-07-28,RBBRDTL5,RGSP,28.33,28.41,28.33,28.41,2349,66547.49
2026-07-28,RBBRETL1,RGSP,32.26,32.26,32.26,32.26,41,1322.66
2026-07-28,RBBRETL2,RGSP,27.63,27.75,27.63,27.75,40,1105.8
2026-07-28,RBDAITL4,RGSP,4.7,5.74,4.7,5.5,546,2782.8
2026-07-28,RBGLDTL3,RGSP,100.48,100.48,100.48,100.48,15,1507.2
2026-07-28,RBIFXTL2,RGSP,20.22,20.22,19.62,19.62,20,398.4
2026-07-28,RBMTL4,RGSP,3.29,3.35,3.29,3.35,125,412.75
2026-07-28,RBMTL5,RGSP,2.64,2.76,2.64,2.76,5003,13252.25
2026-07-28,RBROTX,RGSP,82.68,82.68,82.68,82.68,10,826.8
2026-07-28,RBROTXTL9,RGSP,31.55,31.55,31.55,31.55,10,315.5
2026-07-28,RBSAPTL1,RGSP,21.6,23.32,21.22,23.32,807,17213.52
2026-07-28,RBSLVTL6,RGSP,14.82,14.82,14.5,14.5,3450,50160.0
2026-07-28,RBSNGTL11,RGSP,9.17,9.17,9.17,9.17,60,550.2
2026-07-28,RBSNPTL12,RGSP,0.42,0.44,0.42,0.44,950,403.0
2026-07-28,RBSNPTL6,RGSP,114.47,114.47,114.47,114.47,5,572.35
2026-07-28,RBTLVTL13,RGSP,15.57,15.6,15.57,15.6,29,451.65
2026-07-28,RCHI,XRS1,0.24,0.24,0.24,0.24,12,2.88
2026-07-28,RCSNGTL2,RGSP,150.25,150.25,150.25,150.25,5,751.25
2026-07-28,RCSPX,RGSP,340.0,340.0,340.0,340.0,2,680.0
2026-07-28,REIT,XRS1,0.28,0.28,0.27,0.27,77257,20882.758
2026-07-28,RES33E,EORDB,94.68,94.68,94.5,94.5,18,9010.49
2026-07-28,REVA,XRS1,9.5,9.5,9.5,9.5,100,950.0
2026-07-28,RMAH,REGS,0.882,0.882,0.872,0.878,12378,10863.406
2026-07-28,ROC1,REGS,0.62,0.636,0.544,0.572,30900,18237.178
2026-07-28,ROCE,REGS,0.215,0.215,0.211,0.215,812376,173057.66
2026-07-28,RPH,REGS,0.224,0.224,0.222,0.222,5997,1331.612
2026-07-28,RRC,REGS,0.084,0.086,0.0835,0.086,48316,4068.175
2026-07-28,RRD,XRS1,1.75,2.08,1.35,2.08,673,1173.58
2026-07-28,SAFE,REGS,1.05,1.07,1.03,1.06,294226,309391.4
2026-07-28,SAP,XRSI,793.9,824.0,793.9,818.4,137,110917.5
2026-07-28,SBET29,XRB,90.0,90.0,90.0,90.0,35,3326.15
2026-07-28,SEVE,XRS1,4.56,4.56,4.5,4.5,901,4068.52
2026-07-28,SFG,REGS,39.9,39.9,39.2,39.9,3250,128542.5
2026-07-28,SIDG,XRS1,0.228,0.228,0.21,0.228,34519,7506.1
2026-07-28,SIGS,XRS1,0.3,0.3,0.3,0.3,84,25.2
2026-07-28,SKI29,XRB,94.98,94.98,94.98,94.98,2,193.35
2026-07-28,SMTL,REGS,39.9,40.4,39.4,40.3,3330,133331.0
2026-07-28,SNG,REGS,18.6,18.84,18.48,18.5,659954,12230656.94
2026-07-28,SNN,REGS,69.6,69.7,67.5,68.0,120136,8243102.1
2026-07-28,SNO,REGS,30.8,31.0,30.4,31.0,867,26800.0
2026-07-28,SNP,REGS,1.261,1.288,1.261,1.285,12741452,16361044.077
2026-07-28,SPX,XRS1,0.26,0.268,0.254,0.268,27127,7115.98
2026-07-28,STKP,XRS1,2.44,2.44,2.44,2.44,350,854.0
2026-07-28,STZ,REGS,0.422,0.422,0.41,0.422,2278,954.26
2026-07-28,TBK,REGS,17.2,17.2,16.7,16.7,1158,19439.1
2026-07-28,TBM,REGS,0.27,0.272,0.261,0.268,344233,90554.444
2026-07-28,TEL,REGS,113.2,114.2,113.0,114.0,9767,1112412.2
2026-07-28,TGN,REGS,98.8,99.1,98.6,99.0,31849,3152563.6
2026-07-28,TLV,REGS,37.04,37.56,37.04,37.56,361718,13510926.98
2026-07-28,TRANSI,REGS,0.67,0.688,0.664,0.68,1894728,1280014.762
2026-07-28,TRGI,XRS1,11.2,11.2,11.2,11.2,10,112.0
2026-07-28,TRIP,REGS,1.62,1.64,1.615,1.64,30933,50271.1
2026-07-28,TRP,REGS,0.446,0.448,0.445,0.4475,669902,299074.3205
2026-07-28,TRSK,XRS1,0.17,0.17,0.17,0.17,5000,850.0
2026-07-28,TTS,REGS,6.6,6.72,6.52,6.72,256821,1706295.68
2026-07-28,TVBETETF,REGS,61.85,62.42,61.85,62.26,58478,3639744.78
2026-07-28,UNIR,XRS1,2.06,2.08,2.06,2.08,501,1042.06
2026-07-28,UNISEM,XRS1,0.67,0.69,0.67,0.69,27472,18763.595
2026-07-28,UZIN,XRS1,0.885,0.885,0.885,0.885,5,4.425
2026-07-28,VAC,XRS1,6.9,6.9,6.9,6.9,50,345.0
2026-07-28,VNC,REGS,0.0965,0.097,0.0945,0.0965,211685,20332.0005
2026-07-28,WINE,REGS,19.55,19.95,19.55,19.85,2279,45064.75
2026-07-28,XFOA,XRS1,1.5,2.0,1.5,2.0,34,52.0
2026-07-29,2P,XRS1,1.04,1.06,1.02,1.06,7122,7375.62
2026-07-29,4RT,XRS1,1.63,1.72,1.63,1.72,5012,8619.56
2026-07-29,AAB,XRS1,4.0,4.0,3.86,3.86,4,15.58
2026-07-29,AAG,REGS,4.03,4.12,4.03,4.1,644,2650.01
2026-07-29,ABG29E,EXRB,100.2,100.2,100.2,100.2,22,11637.82
2026-07-29,ABN,XRS1,0.29,0.29,0.29,0.29,2000,580.0
2026-07-29,AG,XRS1,1.56,1.59,1.55,1.59,2608,4094.76
2026-07-29,AGR28,XRB,101.0,101.0,101.0,101.0,53,5522.89
2026-07-29,ALB,XRS1,2.74,2.74,2.74,2.74,14,38.36
2026-07-29,ALDANI,XRS1,1.41,1.84,1.29,1.84,6415,8343.6
2026-07-29,ALR,REGS,1.415,1.415,1.415,1.415,9943,14069.345
2026-07-29,ALT,REGS,0.0705,0.073,0.0695,0.072,76545,5349.096
2026-07-29,ALU,REGS,2.7,2.71,2.67,2.71,15363,41369.79
2026-07-29,ALW,XRS1,25.0,25.0,25.0,25.0,25,625.0
2026-07-29,APP,XRS1,1.32,1.37,1.31,1.37,6413,8422.16
2026-07-29,AQ,REGS,1.815,1.815,1.79,1.8,346760,623290.54
2026-07-29,ARAX,XRS1,1.67,1.67,1.54,1.54,23,38.02
2026-07-29,ARCV,XRS1,0.155,0.155,0.155,0.155,1000,155.0
2026-07-29,ARJI,XRS1,29.4,29.4,29.4,29.4,70,2058.0
2026-07-29,ARM,REGS,0.274,0.296,0.274,0.296,2789,792.194
2026-07-29,ARO,XRS1,1.89,1.9,1.89,1.9,504,952.6
2026-07-29,AROBS,REGS,0.724,0.73,0.718,0.728,145535,105370.338
2026-07-29,ARS,REGS,18.2,18.2,17.7,17.95,11952,214502.8
2026-07-29,ASC,XRS1,12.35,12.6,12.35,12.6,112,1389.95
2026-07-29,ASP,XRS1,0.0215,0.0215,0.0215,0.0215,12,0.258
2026-07-29,AST,XRS1,21.1,21.1,21.1,21.1,45,949.5
2026-07-29,ATB,REGS,2.15,2.155,2.13,2.14,45013,96479.265
2026-07-29,ATPR28,XRB,23.0,23.0,23.0,23.0,12,294.99
2026-07-29,AVIO,XRS1,2.57,2.57,2.57,2.57,54,138.78
2026-07-29,BAYN,XRSI,240.9,245.0,240.9,245.0,219,53410.4
2026-07-29,BBGA,XRS1,2.44,2.44,2.44,2.44,1000,2440.0
2026-07-29,BCM,REGS,0.14,0.14,0.14,0.14,5,0.7
2026-07-29,BENTO,XRS1,8.62,8.62,8.52,8.6,1898,16287.98
2026-07-29,BIO,REGS,1.34,1.345,1.33,1.33,6348,8501.295
2026-07-29,BIOW,XRS1,0.0755,0.0775,0.068,0.068,147449,10505.405
2026-07-29,BKAURTL15,RGSP,99.32,99.32,99.32,99.32,20,1986.4
2026-07-29,BKAURTL20,RGSP,15.7,15.7,15.7,15.7,27,423.9
2026-07-29,BKAURTL27,RGSP,58.56,58.56,58.56,58.56,70,4099.2
2026-07-29,BKAURTL28,RGSP,58.68,58.68,58.68,58.68,10,586.8
2026-07-29,BKAURTL29,RGSP,8.58,8.58,8.35,8.35,130,1087.8
2026-07-29,BKAURTL31,RGSP,28.52,28.52,26.4,26.4,1455,40109.9
2026-07-29,BKAURTL32,RGSP,2.13,2.13,1.7,1.78,18846,34118.07
2026-07-29,BKAURTS34,RGSP,20.36,20.36,20.36,20.36,500,10180.0
2026-07-29,BKBETETF,REGS,43.91,44.005,43.69,43.86,137,6017.99
2026-07-29,BKDOWTLG2,RGSP,5.9,5.9,5.53,5.53,4299,24583.1
2026-07-29,BKDOWTLG4,RGSP,43.05,43.05,43.05,43.05,100,4305.0
2026-07-29,BKDOWTLG5,RGSP,4.18,4.18,3.82,3.83,10465,41623.76
2026-07-29,BKDOWTLG6,RGSP,37.1,37.37,33.31,33.31,4220,146743.35
2026-07-29,BKDOWTLH2,RGSP,33.78,34.0,29.87,30.01,56100,1771663.78
2026-07-29,BKDOWTSG7,RGSP,2.22,2.6,2.2,2.6,124520,311554.9
2026-07-29,BKDOWTSG8,RGSP,11.3,15.2,11.1,15.1,13218,179545.14
2026-07-29,BKDOWTSG9,RGSP,6.85,10.77,6.69,10.6,257588,2010059.6
2026-07-29,BKWTITL11,RGSP,5.18,5.31,5.14,5.31,1246,6480.44
2026-07-29,BKWTITL25,RGSP,4.24,4.49,4.24,4.49,2361,10535.49
2026-07-29,BKWTITL30,RGSP,17.1,18.4,17.1,18.4,651,11496.8
2026-07-29,BKWTITL32,RGSP,2.18,2.42,2.18,2.41,7266,17036.26
2026-07-29,BKWTITS42,RGSP,4.6,4.6,4.32,4.32,6640,29460.8
2026-07-29,BKWTITS43,RGSP,18.5,18.6,17.2,17.2,50617,901018.88
2026-07-29,BMW,XRSI,315.0,317.0,315.0,317.0,3,947.0
2026-07-29,BNET,REGS,0.1085,0.109,0.1045,0.1085,398815,42163.1475
2026-07-29,BNET28,ORDB,96.14,96.6,95.86,95.86,292,28416.51
2026-07-29,BONA,XRS1,0.55,0.55,0.55,0.55,20000,11000.0
2026-07-29,BRCR,XRS1,0.3,0.35,0.3,0.3,565515,169655.0
2026-07-29,BRD,REGS,37.3,37.6,36.95,37.6,51797,1935089.6
2026-07-29,BRK,REGS,0.1335,0.1355,0.13,0.1315,1310978,171687.027
2026-07-29,BRK26,ORDB,99.84,99.84,99.84,99.84,51,5167.21
2026-07-29,BRM,REGS,2.06,2.24,2.06,2.24,390,857.4
2026-07-29,BTBETRETF,REGS,12.7,12.73,12.57,12.63,701033,8867989.98
2026-07-29,BUCU,XRS1,1.74,1.74,1.74,1.74,20,34.8
2026-07-29,BUCV,REGS,1.19,1.23,1.18,1.23,5999,7134.17
2026-07-29,BVB,REGS,89.0,89.0,80.0,81.2,17064,1417009.0
2026-07-29,CAIN,XRS1,58.0,58.0,58.0,58.0,3,174.0
2026-07-29,CAOR,REGS,1.7,1.7,1.7,1.7,26,44.2
2026-07-29,CBC,REGS,25.2,25.4,25.2,25.4,6,151.4
2026-07-29,CBKN,XRSI,194.55,194.55,193.85,193.85,2,388.4
2026-07-29,CC,XRS1,13.65,13.7,13.65,13.7,907,12380.9
2026-07-29,CCOM,XRS1,0.089,0.089,0.089,0.089,557,49.573
2026-07-29,CEPO,XRS1,6.9,6.9,6.3,6.3,331,2269.9
2026-07-29,CFED,XRS1,1.73,1.73,1.73,1.73,1350,2335.5
2026-07-29,CFH,REGS,43.95,44.8,43.95,44.1,14348,639024.35
2026-07-29,CHIA,XRS1,19.4,19.4,19.4,19.4,70,1358.0
2026-07-29,CLUB,XRS1,9.1,11.0,9.1,11.0,12,113.0
2026-07-29,CMF,REGS,4.7,4.7,4.7,4.7,192,902.4
2026-07-29,CMP,REGS,0.71,0.718,0.7,0.718,85704,60330.444
2026-07-29,CMVX,XRS1,74.5,74.5,73.0,73.0,92,6746.5
2026-07-29,CODE,XRS1,1.03,1.03,1.03,1.03,718,739.54
2026-07-29,COKG,XRS1,34.6,34.6,34.6,34.6,20,692.0
2026-07-29,COKJ,XRS1,64.0,64.0,64.0,64.0,10,640.0
2026-07-29,COMI,REGS,0.01,0.0106,0.01,0.0106,12076,127.93
2026-07-29,COTE,REGS,78.8,79.6,78.6,79.4,3482,275429.0
2026-07-29,CRC,REGS,6.12,6.28,6.08,6.28,1976,12198.28
2026-07-29,CRPC,XRS1,1.09,1.09,1.09,1.09,1,1.09
2026-07-29,DAI,XRSI,243.85,243.85,243.85,243.85,50,12192.5
2026-07-29,DBK,XRSI,166.06,168.68,165.0,165.0,336,56210.56
2026-07-29,DENT,XRS1,1.18,1.2,1.18,1.2,302,356.42
2026-07-29,DIGI,REGS,68.6,69.9,67.4,69.0,56120,3872386.2
2026-07-29,DN,XRS1,3.54,3.73,3.54,3.73,220185,808333.46
2026-07-29,DTG,XRSI,249.5,249.8,249.5,249.8,122,30472.6
2026-07-29,EAI,REGS,15.96,16.0,15.5,15.76,69741,1097740.48
2026-07-29,EBBMWTL12,RGSP,18.23,18.23,18.23,18.23,1000,18230.0
2026-07-29,EBBMWTL13,RGSP,6.74,7.0,6.58,7.0,1200,8150.8
2026-07-29,EBDAXTL87,RGSP,485.1,485.1,485.1,485.1,1,485.1
2026-07-29,EBDBKTL28,RGSP,14.57,14.57,14.46,14.46,120,1737.4
2026-07-29,EBEBSTL49,RGSP,45.21,45.21,45.21,45.21,5,226.05
2026-07-29,EBH2OTL1,RGSP,12.53,12.57,12.53,12.57,35,438.59
2026-07-29,EBH2OTL2,RGSP,11.15,11.27,11.15,11.27,3013,33596.39
2026-07-29,EBH2OTL3,RGSP,9.93,9.93,9.89,9.89,24350,241221.5
2026-07-29,EBLHATS2,RGSP,2.38,2.38,2.38,2.38,100,238.0
2026-07-29,EBS,REGS,601.5,612.0,601.5,605.0,506,307003.0
2026-07-29,EBSLVTL36,RGSP,161.72,161.72,157.97,157.97,10,1588.25
2026-07-29,EBSLVTL44,RGSP,142.54,154.0,142.54,154.0,3,439.08
2026-07-29,EBSNGTL12,RGSP,1460.42,1460.42,1460.42,1460.42,1,1460.42
2026-07-29,EBSNPTL16,RGSP,11.31,11.31,11.31,11.31,170,1922.7
2026-07-29,EBSPTL50,RGSP,119.04,119.04,119.04,119.04,25,2976.0
2026-07-29,EBWTITL71,RGSP,223.78,223.78,223.78,223.78,70,15664.6
2026-07-29,EFO,REGS,0.73,0.755,0.725,0.755,5197,3802.885
2026-07-29,EL,REGS,50.5,51.0,49.65,50.3,71390,3598694.75
2026-07-29,ELMA,REGS,0.238,0.24,0.238,0.24,71060,17050.4
2026-07-29,EM,XRS1,41.8,43.0,41.8,43.0,235,10089.0
2026-07-29,EVER,REGS,3.39,3.4,3.36,3.37,86647,292666.58
2026-07-29,FEP,XRS1,0.22,0.224,0.22,0.224,10057,2212.768
2026-07-29,FOJE,XRS1,29.8,29.9,28.5,28.9,2321,67310.1
2026-07-29,FOSB,XRS1,0.715,0.72,0.69,0.72,1095,763.475
2026-07-29,FP,REGS,0.61,0.61,0.6,0.604,895550,539790.893
2026-07-29,GGC,XRS1,0.6,0.6,0.6,0.6,50,30.0
2026-07-29,GIBEFETF,REGS,21.9,22.415,21.605,22.0,3839,83774.69
2026-07-29,GREEN,REGS,13.6,13.6,13.1,13.1,315,4241.5
2026-07-29,GRF,XRS1,1.44,1.44,1.44,1.44,299,430.56
2026-07-29,GSH,XRS1,0.364,0.364,0.344,0.364,1204,436.256
2026-07-29,H2O,REGS,199.8,200.0,197.0,200.0,34529,6884962.0
2026-07-29,HAI,XRS1,0.369,0.369,0.362,0.366,25101,9181.269
2026-07-29,HEAL,XRS1,21.2,21.2,21.2,21.2,5,106.0
2026-07-29,HUNT,XRS1,0.814,0.82,0.81,0.82,22706,18490.436
2026-07-29,IARV,REGS,38.9,39.0,37.7,38.3,3132,119692.5
2026-07-29,IASX,XRS1,17.3,17.3,17.3,17.3,40,692.0
2026-07-29,ICBETNETF,REGS,165.68,165.68,164.02,164.74,1002,165602.14
2026-07-29,ICCROETF,REGS,214.0,214.0,214.0,214.0,250,53500.0
2026-07-29,ICEV,XRS1,1.6,1.6,1.6,1.6,101,161.6
2026-07-29,ICSLOETF,REGS,351.0,352.5,351.0,351.5,220,77532.75
2026-07-29,IMP,REGS,4.19,4.19,4.12,4.12,1273,5246.3
2026-07-29,IMP27E,EORDB,100.68,100.68,100.68,100.68,7,3825.74
2026-07-29,IMPI26E,EXRB,50.88,50.88,50.88,50.88,1,2701.5
2026-07-29,IMPI27E,EXRB,49.45,49.45,49.45,49.45,1,2626.69
2026-07-29,INFINITY,REGS,4.11,4.15,4.09,4.12,75139,309990.47
2026-07-29,IPRU,XRS1,1.77,1.775,1.76,1.775,2176,3843.09
2026-07-29,ITG,XRS1,6.39,6.39,6.39,6.39,50,319.5
2026-07-29,JTG,XRS1,4.09,4.09,4.09,4.09,2077,8494.93
2026-07-29,LHA,XRSI,46.2,47.12,46.2,47.12,738,34126.52
2026-07-29,LIH,XRS1,0.52,0.52,0.5,0.5,99222,49853.02
2026-07-29,LIH28,XRB,90.5,90.5,90.5,90.5,50,4541.67
2026-07-29,LION,REGS,4.55,4.62,4.55,4.62,11725,53781.63
2026-07-29,LONG,REGS,2.39,2.44,2.38,2.42,19833,47760.04
2026-07-29,M,REGS,12.02,12.2,12.02,12.2,71144,865027.64
2026-07-29,MACO,XRS1,25.9,25.9,25.9,25.9,101,2615.9
2026-07-29,MECF,REGS,0.116,0.116,0.116,0.116,4000,464.0
2026-07-29,METT,XRS1,1.26,1.26,1.26,1.26,3,3.78
2026-07-29,MFC,REGS,18.9,19.0,18.9,19.0,205,3884.5
2026-07-29,MIB,XRS1,21.0,21.0,21.0,21.0,50,1050.0
2026-07-29,MILK,XRS1,6.2,6.2,5.8,6.15,3038,17684.75
2026-07-29,MILK28E,EXRB,105.44,105.44,105.44,105.44,4,2204.6
2026-07-29,MWGP27,XRB,21.0,21.0,21.0,21.0,7,151.91
2026-07-29,NC,XRS1,0.68,0.68,0.68,0.68,1000,680.0
2026-07-29,NRF,XRS1,2.89,2.89,2.84,2.87,11249,32315.77
2026-07-29,NRF29,XRB,98.0,98.0,98.0,98.0,24,2379.33
2026-07-29,OIL,REGS,0.1215,0.1215,0.12,0.121,116100,13994.7
2026-07-29,OMRO32,XRB,100.0,100.0,100.0,100.0,1000,105200.0
2026-07-29,ONE,REGS,34.4,34.7,33.8,34.45,11856,406777.7
2026-07-29,PBK,REGS,0.142,0.142,0.138,0.1415,896148,125487.4985
2026-07-29,PBK27E,EORDB,99.72,99.73,99.72,99.73,24,64098.32
2026-07-29,PBK28E,EORDB,99.0,99.0,99.0,99.0,13,34375.99
2026-07-29,PE,REGS,60.6,61.0,59.8,60.2,14022,845853.6
2026-07-29,PPL,REGS,7.0,7.1,7.0,7.1,20,141.5
2026-07-29,PPLI,XRS1,2.3,2.3,2.24,2.24,3,6.78
2026-07-29,PREB,REGS,1.91,1.945,1.91,1.945,800,1538.5
2026-07-29,PREH,REGS,2.22,2.22,2.22,2.22,20,44.4
2026-07-29,PRSN,XRS1,0.118,0.118,0.118,0.118,7560,892.08
2026-07-29,PTENGETF,REGS,17.044,17.044,16.854,16.97,124974,2120866.69
2026-07-29,PTR,REGS,0.678,0.68,0.676,0.68,53889,36533.324
2026-07-29,R2610A,REGT,100.0,100.29,100.0,100.29,191,20245.79
2026-07-29,R2610AE,EREGT,99.6001,99.6001,99.6001,99.6001,10,5278.6
2026-07-29,R2612A,REGT,100.04,100.25,100.04,100.25,706,73849.76
2026-07-29,R2702AE,EREGT,100.1499,100.15,100.1499,100.15,55,29326.0
2026-07-29,R2703A,REGT,99.65,99.81,99.65,99.7,315,32269.55
2026-07-29,R2703AE,EREGT,99.5261,100.1168,99.5261,99.5287,115,60703.73
2026-07-29,R2704A,REGT,99.9,99.9,99.9,99.9,91,9261.98
2026-07-29,R2704AE,EREGT,99.52,99.52,99.52,99.52,50,26304.0
2026-07-29,R2706A,REGT,100.35,100.35,100.19,100.3499,470,47509.12
2026-07-29,R2706B,REGT,101.25,101.25,101.15,101.15,720,73589.2
2026-07-29,R2707AE,EREGT,99.8999,99.999,99.8999,99.999,200,104672.92
2026-07-29,R2707B,REGT,101.14,101.14,100.9001,100.9001,920,93190.78
2026-07-29,R2707BE,EREGT,100.9999,100.9999,100.9999,100.9999,16,8468.32
2026-07-29,R2707C,REGT,100.01,100.24,100.01,100.24,792,79529.83
2026-07-29,R2708A,REGT,100.13,100.13,100.13,100.13,12,1284.84
2026-07-29,R2709A,REGT,99.9999,100.0,99.7,100.0,2382,252704.25
2026-07-29,R2709AE,EREGT,98.86,99.0,98.86,99.0,306,162553.91
2026-07-29,R2709B,REGT,100.622,101.0,100.622,101.0,4,431.34
2026-07-29,R2709BE,EREGT,100.0,100.0,100.0,100.0,25,13543.0
2026-07-29,R2710A,REGT,100.0,100.0,100.0,100.0,89,9394.84
2026-07-29,R2710B,REGT,101.099,101.11,101.099,101.11,649,69732.76
2026-07-29,R2711A,REGT,99.97,99.97,99.97,99.97,209,21905.29
2026-07-29,R2712A,REGT,99.0,99.0,99.0,99.0,300,30918.0
2026-07-29,R2801A,REGT,98.8899,98.89,98.8899,98.89,59,6026.26
2026-07-29,R2802A,REGT,100.11,100.3,100.11,100.3,1298,134489.6
2026-07-29,R2802B,REGT,100.0,100.0,100.0,100.0,25,2579.75
2026-07-29,R2802C,REGT,98.4967,98.4969,98.4967,98.4969,1080,109339.2
2026-07-29,R2803B,REGT,99.5,99.5,99.5,99.5,40,4082.0
2026-07-29,R2803C,REGT,97.9496,97.9496,97.6,97.6,111,11079.43
2026-07-29,R2804AE,EREGT,101.4,101.6,101.4,101.42,77,41566.59
2026-07-29,R2804B,REGT,100.2895,100.2895,100.2895,100.2895,28,2865.24
2026-07-29,R2804C,REGT,99.0,99.0,98.3203,98.3203,511,51483.27
2026-07-29,R2805A,REGT,101.496,101.496,101.496,101.496,10,1029.4
2026-07-29,R2805C,REGT,97.7802,97.7802,97.7802,97.7802,10,990.4
2026-07-29,R2806A,REGT,98.5499,98.677,98.5499,98.677,160,15880.9
2026-07-29,R2806B,REGT,100.0,100.0,100.0,100.0,50,5036.0
2026-07-29,R2807A,REGT,100.4999,100.65,99.9999,100.65,131,13144.83
2026-07-29,R2807B,REGT,100.2999,100.3,100.2999,100.3,67,6741.54
2026-07-29,R2808AE,EREGT,100.75,100.9,100.6281,100.6281,51,26876.88
2026-07-29,R2810AE,EREGT,100.554,100.5545,100.5,100.5545,192,105289.9
2026-07-29,R2811AE,EREGT,98.2,98.2,98.2,98.2,48,25337.28
2026-07-29,R2812AE,EREGT,100.71,100.8789,100.71,100.8769,164,89379.32
2026-07-29,R2812CE,EREGT,97.1101,97.75,97.0,97.75,117,61021.16
2026-07-29,R2901AE,EREGT,97.0,98.0,97.0,98.0,33,17086.26
2026-07-29,R2903AE,EREGT,99.88,99.88,99.88,99.88,2,1065.98
2026-07-29,R2904AE,EREGT,99.8,99.8,99.8,99.8,20,10584.4
2026-07-29,R2904CE,EREGT,101.0,101.0,101.0,101.0,18,9617.22
2026-07-29,R2907AE,EREGT,100.0,100.15,100.0,100.0,8743,4590921.15
2026-07-29,R2908A,REGT,100.0,100.0,99.8,99.98,1497,159407.78
2026-07-29,R2908AE,EREGT,99.9,99.9,99.9,99.9,120,65647.2
2026-07-29,R2909A,REGT,100.0002,100.0003,100.0002,100.0002,375,39975.0
2026-07-29,R2910A,REGT,99.9,99.99,99.0201,99.0201,1604,168612.78
2026-07-29,R2910AE,EREGT,99.9,100.0,99.9,100.0,640,347923.2
2026-07-29,R2912A,REGT,100.0001,100.0001,100.0,100.0,507,53022.06
2026-07-29,R2912C,REGT,99.5,99.5,99.5,99.5,280,29092.0
2026-07-29,R3001A,REGT,99.65,99.9,99.4,99.4,506,52172.88
2026-07-29,R3002A,REGT,101.0,101.25,100.5003,100.7011,449,46824.77
2026-07-29,R3002C,REGT,98.1,98.1,98.1,98.1,124,12537.64
2026-07-29,R3003A,REGT,100.15,100.6499,100.15,100.21,298,30712.73
2026-07-29,R3003C,REGT,97.1799,97.18,97.1799,97.18,142,14146.04
2026-07-29,R3004A,REGT,99.7008,99.95,99.7008,99.9,827,84422.74
2026-07-29,R3005A,REGT,101.15,101.15,101.15,101.15,16,1642.72
2026-07-29,R3006AE,EREGT,100.89,100.95,100.89,100.9,119,63233.98
2026-07-29,R3007A,REGT,110.0,110.0,110.0,110.0,5,551.5
2026-07-29,R3101AE,EREGT,97.3994,97.3994,97.3994,97.3994,58,30276.0
2026-07-29,R3105AE,EREGT,98.0,98.0,98.0,98.0,80,41425.6
2026-07-29,R3106A,REGT,101.4,101.4,101.4,101.4,100,10231.0
2026-07-29,R3107A,REGT,101.19,101.4,101.19,101.4,477,48460.8
2026-07-29,R3108A,REGT,101.8795,101.8795,101.8795,101.8795,173,18943.5
2026-07-29,R3109A,REGT,100.98,101.4,100.98,101.4,69,7449.78
2026-07-29,R3110A,REGT,100.995,100.995,100.995,100.995,10,1071.0
2026-07-29,R3111A,REGT,100.2,100.2,100.2,100.2,100,10556.0
2026-07-29,R3112A,REGT,100.0,100.0,99.9,99.9,274,28647.56
2026-07-29,R3112AE,EREGT,100.0,100.0,99.85,99.9,645,349013.95
2026-07-29,R3201A,REGT,99.8,99.8,99.8,99.8,200,20716.0
2026-07-29,R3202A,REGT,99.0,99.001,99.0,99.0,128,13086.72
2026-07-29,R3202AE,EREGT,100.5,100.6,100.4,100.59,374,202119.77
2026-07-29,R3203A,REGT,98.0,98.5,98.0,98.5,3086,311612.26
2026-07-29,R3203AE,EREGT,99.8,99.8,99.7,99.8,431,229829.68
2026-07-29,R3204A,REGT,100.1,100.1,99.805,99.95,1375,140280.5
2026-07-29,R3204AE,EREGT,99.65,99.65,99.65,99.65,1984,1052254.08
2026-07-29,R3205A,REGT,100.01,103.49,100.01,103.49,336,34344.24
2026-07-29,R3205AE,EREGT,100.5,100.5,100.5,100.5,18,9577.8
2026-07-29,R3206AE,EREGT,101.85,101.85,101.85,101.85,12,6440.4
2026-07-29,R3207AE,EREGT,100.7,100.75,100.7,100.75,96,50720.58
2026-07-29,R3508AE,EREGT,101.8599,101.86,101.551,101.551,180,101646.54
2026-07-29,R3510AE,EREGT,101.52,101.8,101.52,101.8,15,8361.12
2026-07-29,R3511AE,EREGT,100.4897,100.4897,100.35,100.35,22,12064.11
2026-07-29,R3512AE,EREGT,99.9,99.9,99.9,99.9,2,1085.32
2026-07-29,R3602AE,EREGT,98.2,98.58,98.2,98.2002,217,114532.57
2026-07-29,R3603AE,EREGT,98.4,98.65,98.3999,98.65,156,82187.64
2026-07-29,R3604AE,EREGT,101.1299,101.1299,100.785,101.1177,55,29586.07
2026-07-29,R3605AE,EREGT,100.3399,100.34,100.3398,100.3398,29,15407.99
2026-07-29,R3606A,REGT,100.0901,100.1001,99.811,99.86,1199,120764.72
2026-07-29,R3606BE,EREGT,104.1443,104.1443,104.1443,104.1443,27,14804.37
2026-07-29,R3607A,REGT,99.7,100.9,99.7,100.9,189,19042.07
2026-07-29,R3607AE,EREGT,99.9,99.9,99.85,99.85,447,234110.17
2026-07-29,RBAQTL5,RGSP,0.85,0.85,0.85,0.85,6000,5100.0
2026-07-29,RBAROBTL3,RGSP,0.21,0.21,0.21,0.21,1250,262.5
2026-07-29,RBBASFTL2,RGSP,10.59,10.59,10.59,10.59,300,3177.0
2026-07-29,RBBRETL2,RGSP,28.72,28.72,28.72,28.72,1050,30156.0
2026-07-29,RBEADTL1,RGSP,61.32,61.32,61.32,61.32,3,183.96
2026-07-29,RBGLDTL6,RGSP,85.68,85.68,85.68,85.68,3,257.04
2026-07-29,RBIFXTL2,RGSP,18.09,18.09,17.98,17.98,30,541.05
2026-07-29,RBONETL11,RGSP,16.0,16.0,16.0,16.0,70,1120.0
2026-07-29,RBROTX,RGSP,82.6,82.6,82.6,82.6,25,2065.0
2026-07-29,RBSAPTL1,RGSP,23.82,23.97,23.82,23.97,35,834.45
2026-07-29,RBSLVTL6,RGSP,15.01,15.01,14.69,14.69,1015,15020.15
2026-07-29,RBSNGTL11,RGSP,9.1,9.1,8.91,8.91,47262,422504.61
2026-07-29,RBSNPTL12,RGSP,0.42,0.42,0.42,0.42,1000,420.0
2026-07-29,RBTLVTL10,RGSP,39.83,39.83,39.83,39.83,14,557.62
2026-07-29,RBTRPTL6,RGSP,0.27,0.27,0.27,0.27,1000,270.0
2026-07-29,RBTTSTL8,RGSP,3.56,3.71,3.56,3.71,100,363.5
2026-07-29,RBTTSTL9,RGSP,2.42,2.42,2.42,2.42,45,108.9
2026-07-29,RBVWTL3,RGSP,7.17,7.5,7.05,7.5,3099,22083.53
2026-07-29,RCHI,XRS1,0.24,0.24,0.24,0.24,12,2.88
2026-07-29,REIT,XRS1,0.278,0.28,0.278,0.278,68383,19010.674
2026-07-29,RES33E,EORDB,94.4,94.4,94.35,94.35,2,998.65
2026-07-29,RMAH,REGS,0.88,0.886,0.88,0.88,22831,20097.044
2026-07-29,ROC1,REGS,0.622,0.636,0.588,0.61,4129,2522.3
2026-07-29,ROCE,REGS,0.212,0.215,0.212,0.214,102940,22026.61
2026-07-29,RPH,REGS,0.22,0.228,0.216,0.218,490247,108672.49
2026-07-29,RRC,REGS,0.0855,0.0865,0.083,0.0865,68722,5819.7135
2026-07-29,RRD,XRS1,2.0,2.08,2.0,2.08,173,354.4
2026-07-29,SAFE,REGS,1.05,1.06,1.01,1.02,195726,202068.34
2026-07-29,SAP,XRSI,828.2,853.6,823.6,844.3,84,70250.9
2026-07-29,SBET29,XRB,91.9,91.94,91.9,91.94,131,11992.41
2026-07-29,SEOL,XRS1,1.19,1.19,1.19,1.19,31,36.89
2026-07-29,SEVE,XRS1,4.42,4.42,4.42,4.42,100,442.0
2026-07-29,SFG,REGS,40.0,40.2,39.1,39.1,1674,65933.1
2026-07-29,SIDG,XRS1,0.228,0.228,0.202,0.226,17857,3851.016
2026-07-29,SMTL,REGS,40.3,40.4,40.0,40.3,1036,41717.6
2026-07-29,SNG,REGS,18.44,18.48,18.3,18.4,491347,9038108.26
2026-07-29,SNN,REGS,68.0,68.1,67.0,67.1,56997,3837092.2
2026-07-29,SNO,REGS,30.0,31.0,27.8,30.6,5270,158144.0
2026-07-29,SNP,REGS,1.284,1.288,1.257,1.271,10629617,13535153.301
2026-07-29,SOCP,REGS,1.75,1.75,1.72,1.72,2400,4197.0
2026-07-29,STNM,XRS1,14.2,14.7,13.9,13.9,313,4400.4
2026-07-29,STZ,REGS,0.422,0.424,0.41,0.422,6808,2849.976
2026-07-29,TBK,REGS,17.1,17.1,17.1,17.1,56,957.6
2026-07-29,TBM,REGS,0.267,0.268,0.26,0.264,129823,33957.213
2026-07-29,TEL,REGS,114.0,114.6,113.6,114.0,6485,740347.2
2026-07-29,TGN,REGS,97.8,99.0,97.5,99.0,22658,2231919.8
2026-07-29,TLV,REGS,37.56,37.62,37.1,37.22,927993,34717771.1
2026-07-29,TRANSI,REGS,0.678,0.68,0.67,0.674,473156,317276.618
2026-07-29,TRIP,REGS,1.635,1.64,1.61,1.63,50138,81677.19
2026-07-29,TRP,REGS,0.448,0.449,0.4435,0.445,1069480,476886.1075
2026-07-29,TRVM,XRS1,0.192,0.192,0.192,0.192,4750,912.0
2026-07-29,TTS,REGS,6.72,6.88,6.72,6.8,69367,472816.48
2026-07-29,TVBETETF,REGS,62.3,62.46,61.75,62.0,112143,6975286.37
2026-07-29,UNISEM,XRS1,0.69,0.69,0.68,0.685,1498,1021.225
2026-07-29,VAC,XRS1,6.9,6.9,6.9,6.9,91,627.9
2026-07-29,VIAG,XRS1,1.8,1.8,1.8,1.8,1,1.8
2026-07-29,VNC,REGS,0.097,0.097,0.095,0.096,13222,1262.406
2026-07-29,WINE,REGS,19.65,19.85,19.65,19.85,680,13458.2
2026-07-30,2P,XRS1,1.06,1.06,1.03,1.04,4809,5049.44
2026-07-30,4RT,XRS1,1.56,1.72,1.56,1.72,1516,2586.36
2026-07-30,AAB,XRS1,4.0,4.0,4.0,4.0,5,20.0
2026-07-30,AAG,REGS,4.1,4.11,4.03,4.11,3052,12299.71
2026-07-30,ABG29E,EXRB,100.2,100.2,100.0,100.0,13,6878.6
2026-07-30,ABN,XRS1,0.29,0.29,0.274,0.288,2832,804.032
2026-07-30,ADISS,XRS1,0.214,0.214,0.214,0.214,25,5.35
2026-07-30,ADS,XRSI,792.0,817.2,784.0,808.4,550,442020.4
2026-07-30,AG,XRS1,1.585,1.585,1.55,1.565,3160,4961.095
2026-07-30,ALB,XRS1,1.92,3.4,1.92,3.4,39,126.68
2026-07-30,ALDANI,XRS1,1.73,1.73,1.32,1.69,507,789.08
2026-07-30,ALR,REGS,1.415,1.43,1.415,1.415,8513,12106.48
2026-07-30,ALT,REGS,0.072,0.072,0.072,0.072,1363,98.136
2026-07-30,ALU,REGS,2.71,2.72,2.69,2.69,4543,12278.4
2026-07-30,ALW,XRS1,24.6,24.8,24.6,24.6,3405,83801.0
2026-07-30,APP,XRS1,1.33,1.33,1.33,1.33,500,665.0
2026-07-30,AQ,REGS,1.8,1.8,1.745,1.78,112300,198547.05
2026-07-30,ARAX,XRS1,1.65,1.65,1.55,1.65,79,130.25
2026-07-30,ARCU,XRS1,3.72,3.72,3.72,3.72,126,468.72
2026-07-30,ARCV,XRS1,0.149,0.156,0.149,0.156,3695,550.632
2026-07-30,ARM,REGS,0.278,0.294,0.278,0.294,874,243.132
2026-07-30,ARO,XRS1,1.9,1.9,1.89,1.89,421,796.05
2026-07-30,AROBS,REGS,0.728,0.73,0.72,0.73,149130,107736.294
2026-07-30,ARS,REGS,17.95,18.05,17.5,18.0,7044,125768.75
2026-07-30,ASC,XRS1,12.35,12.55,12.25,12.4,1437,17767.35
2026-07-30,ASC27,XRB,99.9,100.25,99.9,100.25,78,8122.35
2026-07-30,AST,XRS1,21.2,21.2,21.1,21.2,298,6305.9
2026-07-30,ATB,REGS,2.145,2.15,2.12,2.125,49939,106349.085
2026-07-30,ATPR28,XRB,19.6,23.0,19.6,23.0,101,2154.92
2026-07-30,ATRD,XRS1,43.6,43.6,43.6,43.6,109,4752.4
2026-07-30,AVIO,XRS1,2.57,2.57,2.57,2.57,139,357.23
2026-07-30,AVSL,XRS1,47.6,47.6,47.6,47.6,6,285.6
2026-07-30,BAYN,XRSI,245.0,251.2,245.0,251.2,146,36388.0
2026-07-30,BCM,REGS,0.14,0.14,0.14,0.14,50000,7000.0
2026-07-30,BENTO,XRS1,8.7,8.7,8.64,8.7,9560,83127.98
2026-07-30,BIO,REGS,1.33,1.335,1.325,1.325,197024,261837.32
2026-07-30,BIOW,XRS1,0.0685,0.0685,0.0685,0.0685,1012,69.322
2026-07-30,BKAURTL15,RGSP,102.2,102.2,102.2,102.2,1,102.2
2026-07-30,BKAURTL20,RGSP,16.69,16.69,16.69,16.69,20,333.8
2026-07-30,BKAURTL26,RGSP,12.63,12.63,12.63,12.63,5,63.15
2026-07-30,BKAURTL27,RGSP,58.71,62.01,58.71,62.01,6,365.64
2026-07-30,BKAURTL28,RGSP,60.57,60.57,60.57,60.57,1,60.57
2026-07-30,BKAURTL29,RGSP,8.94,9.09,8.94,9.09,202,1808.03
2026-07-30,BKAURTL31,RGSP,29.76,30.9,29.52,30.57,1958,58623.34
2026-07-30,BKAURTL32,RGSP,2.13,2.7,2.06,2.7,20072,47346.13
2026-07-30,BKAURTS34,RGSP,20.07,20.08,20.07,20.08,5,100.38
2026-07-30,BKAURTS36,RGSP,51.69,51.69,49.5,49.5,1012,50987.7
2026-07-30,BKBETETF,REGS,43.46,43.46,42.82,43.31,3101,132816.305
2026-07-30,BKDOWTLE1,RGSP,7.94,7.94,7.94,7.94,1,7.94
2026-07-30,BKDOWTLE2,RGSP,8.3,8.3,8.3,8.3,50,415.0
2026-07-30,BKDOWTLG2,RGSP,5.4,5.5,5.4,5.5,2550,13809.0
2026-07-30,BKDOWTLG4,RGSP,42.0,42.0,42.0,42.0,10,420.0
2026-07-30,BKDOWTLG5,RGSP,3.75,3.81,3.69,3.81,19708,74077.06
2026-07-30,BKDOWTLG6,RGSP,32.5,33.16,32.07,32.77,4769,155426.58
2026-07-30,BKDOWTLH2,RGSP,29.26,30.11,28.68,29.26,30991,908707.14
2026-07-30,BKDOWTSG7,RGSP,2.72,2.72,2.6,2.6,53335,143997.0
2026-07-30,BKDOWTSG8,RGSP,16.01,16.2,15.11,15.84,7943,127010.55
2026-07-30,BKDOWTSG9,RGSP,11.47,12.0,10.6,11.45,24658,282300.43
2026-07-30,BKWTITL25,RGSP,4.37,4.4,4.37,4.4,19450,85026.5
2026-07-30,BKWTITL30,RGSP,18.1,18.1,18.1,18.1,250,4525.0
2026-07-30,BKWTITL32,RGSP,2.39,2.39,2.39,2.39,1702,4067.78
2026-07-30,BKWTITS43,RGSP,17.1,18.08,17.1,17.7,45420,809798.28
2026-07-30,BMW,XRSI,321.0,322.8,318.4,318.5,380,121141.8
2026-07-30,BNET,REGS,0.105,0.1075,0.105,0.107,198337,20870.943
2026-07-30,BNET27A,ORDB,99.79,99.79,98.71,98.71,29,2896.71
2026-07-30,BNET28,ORDB,95.88,96.59,95.87,96.0,202,19639.79
2026-07-30,BONA,XRS1,0.57,0.57,0.57,0.57,102,58.14
2026-07-30,BRCR,XRS1,0.3,0.3,0.3,0.3,6230,1869.0
2026-07-30,BRD,REGS,37.2,37.6,37.0,37.3,86165,3204250.2
2026-07-30,BRK,REGS,0.131,0.1335,0.1255,0.1335,1287345,163798.717
2026-07-30,BRK26,ORDB,99.84,99.85,99.84,99.85,77,7806.99
2026-07-30,BTBETRETF,REGS,12.63,12.666,12.278,12.51,634862,7874565.182
2026-07-30,BUCS,XRS1,0.2,0.2,0.2,0.2,140,28.0
2026-07-30,BUCU,XRS1,1.73,1.73,1.73,1.73,704,1217.92
2026-07-30,BUCV,REGS,1.2,1.23,1.2,1.23,5298,6366.54
2026-07-30,BVB,REGS,82.0,85.0,78.2,81.2,7168,591148.0
2026-07-30,CBC,REGS,24.4,25.2,24.2,24.2,124,3007.8
2026-07-30,CBKN,XRSI,193.8,193.8,193.8,193.8,1,193.8
2026-07-30,CC,XRS1,13.65,13.65,13.45,13.5,1983,26754.8
2026-07-30,CCOM,XRS1,0.089,0.089,0.089,0.089,12,1.068
2026-07-30,CEPO,XRS1,6.6,7.8,6.5,7.8,167,1094.8
2026-07-30,CFH,REGS,43.8,44.0,43.15,43.5,11487,499132.9
2026-07-30,CHIA,XRS1,23.0,23.0,23.0,23.0,9,207.0
2026-07-30,CHRD,XRS1,6.6,7.95,6.6,7.95,101,667.95
2026-07-30,CMF,REGS,4.7,4.7,4.7,4.7,212,996.4
2026-07-30,CMP,REGS,0.718,0.718,0.692,0.714,85055,59046.862
2026-07-30,CMVX,XRS1,74.0,74.0,71.5,73.0,20,1443.0
2026-07-30,COCR,XRS1,120.0,120.0,120.0,120.0,10,1200.0
2026-07-30,CODE,XRS1,1.04,1.04,1.01,1.01,56,58.07
2026-07-30,COMI,REGS,0.0106,0.0106,0.01,0.0104,83950,855.53
2026-07-30,COTE,REGS,79.0,79.0,78.0,78.8,5419,426760.0
2026-07-30,CRC,REGS,6.06,6.3,6.06,6.28,1202,7319.86
2026-07-30,CRPC,XRS1,1.09,1.09,1.09,1.09,1,1.09
2026-07-30,DAI,XRSI,246.0,250.4,246.0,246.0,129,31812.4
2026-07-30,DENT,XRS1,1.12,1.2,1.12,1.2,86,98.8
2026-07-30,DIGI,REGS,68.5,68.8,65.5,67.8,93759,6253421.2
2026-07-30,DN,XRS1,3.7,3.73,3.61,3.7,119558,442194.36
2026-07-30,EAI,REGS,15.9,15.9,15.1,15.4,22260,344841.94
2026-07-30,EBADSTL11,RGSP,37.0,37.0,34.75,36.13,1347,48337.71
2026-07-30,EBADSTL12,RGSP,29.35,30.0,28.0,28.0,254,7353.21
2026-07-30,EBADSTS10,RGSP,79.17,79.17,79.17,79.17,6,475.02
2026-07-30,EBBMWTL12,RGSP,18.52,18.52,18.52,18.52,3000,55560.0
2026-07-30,EBBMWTL13,RGSP,7.2,7.2,7.18,7.2,1450,10422.0
2026-07-30,EBDAXTL74,RGSP,823.0,823.0,823.0,823.0,2,1646.0
2026-07-30,EBDAXTL87,RGSP,478.6,491.1,478.6,491.1,4,1941.7
2026-07-30,EBEUSDTL26,RGSP,4.85,5.01,4.85,5.01,175,864.75
2026-07-30,EBEUSDTS24,RGSP,3.0,3.01,2.99,3.01,1120,3351.0
2026-07-30,EBFPTL28,RGSP,33.19,33.19,32.33,32.33,5010,164130.32
2026-07-30,EBH2OTL1,RGSP,12.45,12.45,12.45,12.45,30,373.5
2026-07-30,EBH2OTL2,RGSP,11.15,11.15,11.15,11.15,1500,16725.0
2026-07-30,EBS,REGS,605.0,611.5,582.0,604.5,6632,3933134.0
2026-07-30,EBSLVTL36,RGSP,161.24,161.53,161.24,161.53,8,1291.66
2026-07-30,EBSLVTL44,RGSP,142.01,144.2,142.01,144.2,12,1708.5
2026-07-30,EBSNPTL16,RGSP,11.0,11.0,11.0,11.0,1100,12100.0
2026-07-30,EBSPTL49,RGSP,129.38,129.38,129.0,129.0,4,516.76
2026-07-30,EBTLVTL19,RGSP,57.33,57.33,57.33,57.33,400,22932.0
2026-07-30,EBWTITL71,RGSP,232.0,233.06,230.36,233.06,200,46426.68
2026-07-30,EFO,REGS,0.75,0.75,0.725,0.745,2917,2175.08
2026-07-30,EL,REGS,50.3,50.3,48.05,49.4,46221,2266345.1
2026-07-30,ELJ,REGS,0.164,0.164,0.164,0.164,350,57.4
2026-07-30,ELJA,XRS1,70.0,73.0,70.0,73.0,14,1010.0
2026-07-30,ELMA,REGS,0.24,0.24,0.23,0.23,10757,2481.68
2026-07-30,ELZY,XRS1,12.9,12.9,12.9,12.9,50,645.0
2026-07-30,EM,XRS1,42.1,42.85,40.4,41.3,4314,177244.45
2026-07-30,ENP,REGS,0.815,0.945,0.815,0.945,401,326.945
2026-07-30,EVER,REGS,3.39,3.4,3.36,3.4,123687,418784.61
2026-07-30,FEP,XRS1,0.224,0.224,0.224,0.224,14939,3346.336
2026-07-30,FERO,XRS1,1.04,1.05,1.0,1.04,6198,6311.55
2026-07-30,FOJE,XRS1,28.9,28.9,28.5,28.8,1127,32302.2
2026-07-30,FOSB,XRS1,0.69,0.71,0.685,0.71,3272,2249.57
2026-07-30,FP,REGS,0.602,0.602,0.59,0.595,1299461,771689.548
2026-07-30,GIBEFETF,REGS,22.22,22.38,21.5,22.37,3500,76698.595
2026-07-30,GRF,XRS1,1.43,1.43,1.4,1.43,1117,1567.31
2026-07-30,GSH,XRS1,0.348,0.366,0.348,0.366,384,135.234
2026-07-30,H2O,REGS,200.0,200.0,195.4,200.0,37349,7381730.6
2026-07-30,HAI,XRS1,0.369,0.37,0.363,0.363,53006,19289.984
2026-07-30,HUNT,XRS1,0.82,0.82,0.798,0.806,11792,9492.282
2026-07-30,IARV,REGS,38.3,38.3,37.0,37.7,3130,117230.8
2026-07-30,ICBETNETF,REGS,164.46,164.46,160.74,162.64,4993,808187.46
2026-07-30,ICCROETF,REGS,214.0,215.0,214.0,215.0,51,10915.0
2026-07-30,ICGROETF,REGS,58.6,58.6,58.6,58.6,45,2637.0
2026-07-30,ICSLOETF,REGS,356.0,356.0,354.5,356.0,40,14228.0
2026-07-30,IMP,REGS,4.12,4.2,4.1,4.13,8969,36810.61
2026-07-30,IMP26E,EORDB,99.5,99.5,99.5,99.5,5,13110.58
2026-07-30,IMPI26E,EXRB,55.0,58.5,55.0,58.5,6,17717.58
2026-07-30,INFINITY,REGS,4.12,4.13,4.07,4.1,85019,349774.41
2026-07-30,IORB,XRS1,0.178,0.178,0.178,0.178,1501,267.178
2026-07-30,IPRU,XRS1,1.77,1.77,1.74,1.77,6685,11699.25
2026-07-30,ITG,XRS1,6.39,6.39,6.25,6.35,1292,8224.85
2026-07-30,JTG,XRS1,4.1,4.1,4.1,4.1,2,8.2
2026-07-30,LHA,XRSI,46.67,47.52,46.67,47.52,430,20192.66
2026-07-30,LIBRA32E,EORDB,99.8,99.99,99.8,99.99,6,15703.61
2026-07-30,LIH,XRS1,0.51,0.51,0.51,0.51,390,198.9
2026-07-30,LIH28,XRB,90.5,90.5,89.0,89.0,10,901.66
2026-07-30,LION,REGS,4.62,4.62,4.5,4.62,45434,207648.22
2026-07-30,LONG,REGS,2.42,2.42,2.35,2.41,53156,126469.32
2026-07-30,M,REGS,12.2,12.3,12.0,12.16,57362,693746.9
2026-07-30,MACO,XRS1,25.9,25.9,24.2,25.4,1398,34085.3
2026-07-30,MIB,XRS1,20.0,20.0,20.0,20.0,308,6160.0
2026-07-30,MILK,XRS1,5.9,6.15,5.9,6.15,1833,11141.8
2026-07-30,MOIB,XRS1,1.28,1.28,1.28,1.28,69,88.32
2026-07-30,MWGP27,XRB,21.0,21.0,21.0,21.0,24,522.41
2026-07-30,NC,XRS1,0.675,0.675,0.655,0.655,1258,842.55
2026-07-30,NCHI,XRS1,0.3,0.3,0.3,0.3,20,6.0
2026-07-30,NRF,XRS1,2.87,2.87,2.72,2.81,11137,30875.18
2026-07-30,NRF29,XRB,97.81,97.81,97.81,97.81,50,4951.61
2026-07-30,OIL,REGS,0.12,0.121,0.119,0.12,94199,11305.127
2026-07-30,ONE,REGS,34.0,34.45,33.4,33.7,13491,454301.6
2026-07-30,PBK,REGS,0.1415,0.142,0.1385,0.1385,1246194,173511.071
2026-07-30,PBK27E,EORDB,99.5,99.5,99.31,99.31,104,277386.68
2026-07-30,PBK28E,EORDB,98.5,99.0,98.5,99.0,72,189767.32
2026-07-30,PE,REGS,59.8,60.0,58.0,60.0,68790,4065804.4
2026-07-30,PREB,REGS,1.945,1.985,1.945,1.985,4315,8411.215
2026-07-30,PRSN,XRS1,0.116,0.119,0.116,0.119,93163,10977.011
2026-07-30,PTENGETF,REGS,16.97,16.97,16.5,16.69,100784,1676439.63
2026-07-30,PTR,REGS,0.68,0.682,0.676,0.682,76348,51907.8
2026-07-30,R2610A,REGT,100.0999,100.0999,100.0,100.0999,388,41103.39
2026-07-30,R2612A,REGT,100.25,100.25,100.05,100.25,1113,116501.21
2026-07-30,R2612AE,EREGT,99.8499,99.8992,99.1616,99.1616,64,33788.62
2026-07-30,R2612BE,EREGT,100.0001,100.0001,100.0001,100.0001,120,64243.2
2026-07-30,R2702AE,EREGT,100.1399,100.1399,100.123,100.123,267,142441.99
2026-07-30,R2703A,REGT,99.8,99.9,99.8,99.8,209,21442.03
2026-07-30,R2703AE,EREGT,100.117,100.347,100.117,100.347,146,77577.78
2026-07-30,R2704A,REGT,99.9,99.98,99.84,99.84,3369,343068.02
2026-07-30,R2706A,REGT,100.18,100.39,100.18,100.1801,344,34777.69
2026-07-30,R2706B,REGT,101.25,101.25,101.2,101.2,129,13190.42
2026-07-30,R2707A,REGT,99.6605,99.6605,99.6604,99.6604,120,12028.8
2026-07-30,R2707AE,EREGT,99.3915,99.3915,99.3915,99.3915,50,26053.5
2026-07-30,R2707B,REGT,100.82,101.14,100.8109,101.14,1180,119455.25
2026-07-30,R2707BE,EREGT,101.0,101.0,101.0,101.0,4,2119.04
2026-07-30,R2707C,REGT,100.001,100.24,100.0001,100.23,264,26530.75
2026-07-30,R2708A,REGT,100.13,100.13,100.1,100.1199,545,58375.34
2026-07-30,R2708B,REGT,100.6302,101.0999,100.6302,101.0999,26,2826.68
2026-07-30,R2708BE,EREGT,100.0,100.0,100.0,100.0,2,1088.5
2026-07-30,R2709A,REGT,100.0,100.0,100.0,100.0,298,31680.38
2026-07-30,R2709B,REGT,100.641,101.089,100.641,101.089,124,13419.97
2026-07-30,R2709BE,EREGT,99.99,99.99,99.99,99.99,1,542.11
2026-07-30,R2710A,REGT,100.0,100.0,99.5001,99.8999,1003,105919.56
2026-07-30,R2710B,REGT,101.1,101.11,100.9,100.94,705,75732.54
2026-07-30,R2711A,REGT,99.1416,99.1416,99.1416,99.1416,375,39015.0
2026-07-30,R2711B,REGT,100.4101,100.4101,100.4101,100.4101,10,1060.1
2026-07-30,R2712A,REGT,99.5,99.5,99.5,99.5,50,5180.5
2026-07-30,R2712B,REGT,100.5016,100.504,100.5016,100.504,145,15272.85
2026-07-30,R2712D,REGT,99.8703,100.47,99.8703,100.47,513,53731.73
2026-07-30,R2801A,REGT,98.89,98.89,98.7,98.79,331,33781.89
2026-07-30,R2802A,REGT,100.499,100.499,100.0,100.0,702,72714.9
2026-07-30,R2802B,REGT,100.0,100.0,100.0,100.0,320,33040.0
2026-07-30,R2802C,REGT,98.0001,98.0001,98.0,98.0,90,9072.0
2026-07-30,R2803A,REGT,100.001,100.001,100.001,100.001,50,5141.0
2026-07-30,R2803B,REGT,99.5,99.879,99.5,99.879,51,5226.61
2026-07-30,R2804A,REGT,99.85,100.2488,99.85,100.2488,21,2150.63
2026-07-30,R2804AE,EREGT,101.2505,101.4,101.25,101.35,159,85825.99
2026-07-30,R2804B,REGT,100.1001,100.2695,99.9112,100.269,1304,133399.45
2026-07-30,R2804C,REGT,98.9999,98.9999,98.9999,98.9999,15,1512.45
2026-07-30,R2805A,REGT,100.0,100.0,100.0,100.0,51,5176.5
2026-07-30,R2805B,REGT,99.85,100.0,99.85,100.0,36,3653.97
2026-07-30,R2806B,REGT,100.1899,100.1899,100.18,100.18,69,6967.58
2026-07-30,R2807A,REGT,99.9999,100.57,98.0,100.57,285,28388.9
2026-07-30,R2807B,REGT,99.76,100.3,99.76,100.3,101,10114.68
2026-07-30,R2808AE,EREGT,100.631,100.75,100.627,100.65,870,458285.18
2026-07-30,R2810AE,EREGT,100.31,100.6,100.25,100.6,422,231362.12
2026-07-30,R2811AE,EREGT,96.7903,96.7903,96.7903,96.7903,3,1562.88
2026-07-30,R2812AE,EREGT,100.7105,100.7105,100.7,100.7,45,24521.2
2026-07-30,R2901AE,EREGT,96.7853,97.1,96.7853,97.1,101,52261.24
2026-07-30,R2903AE,EREGT,99.88,99.95,99.88,99.88,105,56016.2
2026-07-30,R2904AE,EREGT,99.8,99.9899,99.8,99.9899,150,79505.0
2026-07-30,R2907AE,EREGT,99.8,99.8,99.8,99.8,1000,524520.0
2026-07-30,R2908A,REGT,99.3113,99.8,99.3113,99.8,2933,311619.51
2026-07-30,R2908AE,EREGT,100.0,100.29,99.9,100.29,331,181334.21
2026-07-30,R2910A,REGT,99.0,99.5,98.3,99.5,1800,188082.95
2026-07-30,R2910AE,EREGT,99.9,99.9,99.9,99.9,66,35886.18
2026-07-30,R2912A,REGT,100.0,100.0,100.0,100.0,892,93338.88
2026-07-30,R3002A,REGT,100.7003,100.705,100.7,100.705,922,96155.42
2026-07-30,R3003A,REGT,100.4,100.6,100.111,100.1502,726,74957.98
2026-07-30,R3004A,REGT,99.9,99.9,99.7012,99.71,500,51002.5
2026-07-30,R3005A,REGT,101.25,101.25,101.25,101.25,15,1542.45
2026-07-30,R3007AE,EREGT,100.0,100.0,100.0,100.0,5,2623.9
2026-07-30,R3008AE,EREGT,100.0,100.0,100.0,100.0,76,41808.36
2026-07-30,R3011AE,EREGT,99.3,99.3,99.0,99.0,70,37626.71
2026-07-30,R3012AE,EREGT,97.49,97.5,97.49,97.5,66,34705.78
2026-07-30,R3101AE,EREGT,97.3997,97.9,97.3997,97.9,178,93027.64
2026-07-30,R3106A,REGT,100.91,101.6197,100.91,101.6197,100,10224.5
2026-07-30,R3107A,REGT,101.0,101.0,100.9001,100.9001,2100,212909.0
2026-07-30,R3109A,REGT,100.701,100.701,100.701,100.701,100,10763.0
2026-07-30,R3110A,REGT,101.0995,101.1495,101.0995,101.1495,51,5471.82
2026-07-30,R3111A,REGT,100.0505,100.0505,100.0,100.0,330,34791.25
2026-07-30,R3112A,REGT,99.9,99.9999,98.1506,99.9999,436,45337.11
2026-07-30,R3112AE,EREGT,99.95,100.049,99.85,99.85,360,195011.37
2026-07-30,R3201A,REGT,99.8,99.8,99.8,99.8,540,55965.6
2026-07-30,R3202A,REGT,99.0,99.0,98.7997,99.0,2633,269280.9
2026-07-30,R3202AE,EREGT,100.5994,100.5994,100.32,100.588,316,170942.54
2026-07-30,R3203A,REGT,98.35,98.5,98.0,98.5,1706,172239.03
2026-07-30,R3203AE,EREGT,99.9,100.0,99.9,100.0,20,10698.23
2026-07-30,R3204A,REGT,99.95,99.95,99.8,99.94,1183,120665.2
2026-07-30,R3204AE,EREGT,100.0,100.19,100.0,100.15,54,28819.38
2026-07-30,R3205AE,EREGT,100.4,100.45,100.4,100.41,79,42041.91
2026-07-30,R3206AE,EREGT,101.6171,101.82,101.602,101.65,234,125494.98
2026-07-30,R3207AE,EREGT,100.78,100.8,100.7,100.77,165,87280.58
2026-07-30,R3508AE,EREGT,101.5511,101.86,101.0,101.86,645,363437.55
2026-07-30,R3509AE,EREGT,101.6,101.7,101.6,101.7,16,8990.48
2026-07-30,R3510AE,EREGT,101.79,101.8,101.79,101.8,65,36359.6
2026-07-30,R3512AE,EREGT,99.89,99.9,99.751,99.751,111,60260.74
2026-07-30,R3601AE,EREGT,99.7,99.85,99.6,99.849,555,298887.62
2026-07-30,R3602AE,EREGT,98.2,98.2,98.0,98.0,358,188778.52
2026-07-30,R3603AE,EREGT,98.649,98.649,98.649,98.649,20,10563.8
2026-07-30,R3604AE,EREGT,101.11,101.11,101.1,101.1,9,4845.91
2026-07-30,R3605AE,EREGT,99.8201,100.3396,99.8201,100.3396,28,14834.7
2026-07-30,R3606A,REGT,99.8529,99.8529,99.8529,99.8529,543,54663.81
2026-07-30,R3606AE,EREGT,97.151,97.151,97.151,97.151,5,2558.5
2026-07-30,R3606BE,EREGT,104.4899,104.4899,104.4899,104.4899,15,8260.35
2026-07-30,R3607AE,EREGT,99.9,99.99,99.9,99.9,168,88124.06
2026-07-30,RBAQTL2,RGSP,1.26,1.26,1.26,1.26,50,63.0
2026-07-30,RBAQTL3,RGSP,1.07,1.07,1.07,1.07,111,118.77
2026-07-30,RBAQTL5,RGSP,0.83,0.83,0.8,0.8,80000,65800.0
2026-07-30,RBBASFTL2,RGSP,10.56,10.56,10.56,10.56,25,264.0
2026-07-30,RBBRDTL5,RGSP,28.68,28.68,28.68,28.68,14,401.52
2026-07-30,RBBRETL2,RGSP,28.98,28.98,28.98,28.98,41,1188.18
2026-07-30,RBDAITL4,RGSP,5.4,5.4,5.4,5.4,200,1080.0
2026-07-30,RBEVERTL6,RGSP,12.28,12.28,12.28,12.28,3000,36840.0
2026-07-30,RBGLDTL3,RGSP,100.06,100.06,100.06,100.06,50,5003.0
2026-07-30,RBONETL11,RGSP,15.34,15.34,14.72,14.94,4484,66474.56
2026-07-30,RBROTX,RGSP,82.0,82.0,82.0,82.0,7,574.0
2026-07-30,RBROTXTL4,RGSP,46.83,46.83,46.83,46.83,5,234.15
2026-07-30,RBSLVTL5,RGSP,18.38,18.38,18.38,18.38,24,441.12
2026-07-30,RBSNGTL11,RGSP,8.8,8.8,8.2,8.7,6051,50080.84
2026-07-30,RBSNGTL6,RGSP,129.05,129.05,129.05,129.05,2,258.1
2026-07-30,RBSNGTL9,RGSP,12.16,12.23,11.72,11.72,1510,18312.2
2026-07-30,RBSNPTL12,RGSP,0.41,0.41,0.39,0.39,1499,592.6
2026-07-30,RBTLVTL11,RGSP,29.28,29.28,28.87,28.87,6012,173946.36
2026-07-30,RBTLVTL13,RGSP,15.27,15.27,15.02,15.02,1252,18970.04
2026-07-30,RBTRPTL4,RGSP,0.3,0.3,0.3,0.3,280,84.0
2026-07-30,RCDAX,RGSP,1330.0,1330.0,1330.0,1330.0,2,2660.0
2026-07-30,RCFPTL6,RGSP,2.76,2.76,2.73,2.74,52500,144100.0
2026-07-30,RCHI,XRS1,0.24,0.24,0.24,0.24,12,2.88
2026-07-30,RCSPX,RGSP,335.0,335.0,335.0,335.0,8,2680.0
2026-07-30,RCSX5E,RGSP,327.5,327.5,327.5,327.5,8,2620.0
2026-07-30,RCTLVTL3,RGSP,7.98,7.98,7.97,7.97,5000,39875.0
2026-07-30,REIT,XRS1,0.272,0.272,0.27,0.27,47784,12913.362
2026-07-30,RMAH,REGS,0.886,0.886,0.884,0.884,33531,29647.464
2026-07-30,ROC1,REGS,0.632,0.632,0.632,0.632,359,226.888
2026-07-30,ROCE,REGS,0.214,0.215,0.213,0.215,115366,24681.477
2026-07-30,RPH,REGS,0.218,0.218,0.218,0.218,56442,12304.356
2026-07-30,RRC,REGS,0.0865,0.0865,0.083,0.0865,23308,1951.772
2026-07-30,SAFE,REGS,1.02,1.025,1.0,1.0,134667,135846.095
2026-07-30,SAP,XRSI,832.2,838.9,811.9,811.9,89,73392.5
2026-07-30,SBET29,XRB,91.95,91.95,91.95,91.95,105,9623.1
2026-07-30,SECE,XRS1,1.26,1.26,1.26,1.26,2,2.52
2026-07-30,SEOL,XRS1,1.19,1.19,1.19,1.19,425,505.75
2026-07-30,SFG,REGS,39.1,40.0,39.0,39.6,2263,89211.2
2026-07-30,SIDG,XRS1,0.226,0.228,0.208,0.228,3466,772.248
2026-07-30,SIE,XRSI,1471.0,1471.0,1471.0,1471.0,2,2942.0
2026-07-30,SMTL,REGS,40.0,40.3,38.9,39.8,2860,112287.4
2026-07-30,SNC,XRS1,3.1,3.16,3.1,3.16,744,2307.0
2026-07-30,SNG,REGS,18.36,18.4,17.4,18.34,674655,12054042.64
2026-07-30,SNN,REGS,65.9,67.3,63.1,64.7,164888,10762192.0
2026-07-30,SNO,REGS,29.0,29.2,26.2,27.0,5367,144767.4
2026-07-30,SNP,REGS,1.268,1.27,1.23,1.26,13177860,16454544.557
2026-07-30,SOCP,REGS,1.74,1.74,1.69,1.69,1947,3291.48
2026-07-30,SPX,XRS1,0.27,0.27,0.27,0.27,145,39.15
2026-07-30,STK,REGS,60.0,60.0,60.0,60.0,300,18000.0
2026-07-30,STNM,XRS1,13.8,14.7,13.4,13.4,198,2775.7
2026-07-30,STZ,REGS,0.424,0.424,0.403,0.403,3014,1222.762
2026-07-30,TBK,REGS,17.0,17.0,16.9,16.9,236,4005.6
2026-07-30,TBM,REGS,0.265,0.265,0.259,0.262,67834,17681.618
2026-07-30,TEI26,XRB,99.3,99.3,99.15,99.15,104,10458.74
2026-07-30,TEI26E,EXRB,99.32,99.88,99.32,99.88,575,303369.07
2026-07-30,TEL,REGS,114.0,114.0,112.0,114.0,13039,1474775.0
2026-07-30,TGN,REGS,98.6,98.9,96.6,98.4,17790,1731123.7
2026-07-30,TLV,REGS,37.22,37.26,36.8,37.0,425297,15725829.98
2026-07-30,TRANSI,REGS,0.67,0.676,0.662,0.676,297686,199212.774
2026-07-30,TRIP,REGS,1.615,1.635,1.61,1.635,90971,147098.49
2026-07-30,TRP,REGS,0.445,0.449,0.438,0.441,1823459,806727.1675
2026-07-30,TTS,REGS,6.78,6.78,6.54,6.6,37921,252070.76
2026-07-30,TUAA,XRS1,0.118,0.118,0.118,0.118,12,1.416
2026-07-30,TVBETETF,REGS,62.0,62.11,59.9,61.48,138299,8433215.0
2026-07-30,UNISEM,XRS1,0.685,0.69,0.67,0.69,45136,30910.79
2026-07-30,UZC,XRS1,5.6,5.6,5.6,5.6,1,5.6
2026-07-30,VAC,XRS1,6.95,6.95,6.95,6.95,163,1132.85
2026-07-30,VNC,REGS,0.0955,0.096,0.0935,0.0945,367431,34793.993
2026-07-30,WINE,REGS,19.65,19.9,19.6,19.65,1461,28772.0
2026-07-30,XFOA,XRS1,1.41,2.46,1.41,2.46,253,357.78
